ellapsed_exp_time,frame_id,start_frame_time,ellapsed_element_time,element_order,routine_name,element_iteration,condition_name,condition_nb_calls,actions_count,connectors_count,connections_count,condition_duration,eyes_camera_pos,eyes_camera_rot,camera_calibration_pos,camera_calibration_rot,camera_rig_pos,camera_rig_rot,framerate
24.8971,0,16.6461,22.1928,0,Lab_Idle,0,default,0,16,0,0,10000,-0.07600981 2.332236 1.167231,1.187628 177.7592 176.5356,-0.07598724 2.332345 1.16712,0 177.7469 0,0.6000447 -2.209345 0.5537953,0 2.253088 0,82.15857
45.3803,1,26.2416,42.6798,0,Lab_Idle,0,default,0,16,0,0,10000,-0.07601501 2.332201 1.167267,1.212004 177.7393 176.5579,-0.07598724 2.332345 1.16712,0 177.7469 0,0.6000447 -2.209345 0.5537953,0 2.253088 0,82.50533
56.1176,2,46.0245,53.4225,0,Lab_Idle,0,default,0,16,0,0,10000,-0.0760013 2.332075 1.167399,1.304305 177.7354 176.5481,-0.07598724 2.332345 1.16712,0 177.7469 0,0.6000447 -2.209345 0.5537953,0 2.253088 0,82.05304
69.5607,3,56.6452,66.8646,0,Lab_Idle,0,default,0,16,0,0,10000,-0.07594559 2.332016 1.167467,1.34918 177.7144 176.5268,-0.07598724 2.332345 1.16712,0 177.7469 0,0.6000447 -2.209345 0.5537953,0 2.253088 0,82.20993
79.6834,4,70.043,76.9832,0,Lab_Idle,0,default,0,16,0,0,10000,-0.0758962 2.331949 1.167543,1.401189 177.721 176.4828,-0.07598724 2.332345 1.16712,0 177.7469 0,0.6000447 -2.209345 0.5537953,0 2.253088 0,82.10291
102.8997,5,80.1677,100.2093,0,Lab_Idle,0,default,0,16,0,0,10000,-0.07592019 2.33187 1.167623,1.45939 177.743 176.4762,-0.07598724 2.332345 1.16712,0 177.7469 0,0.6000447 -2.209345 0.5537953,0 2.253088 0,82.32892
113.4735,6,103.5797,110.7865,0,Lab_Idle,0,default,0,16,0,0,10000,-0.0759605 2.331687 1.167813,1.593143 177.7467 176.4961,-0.07598724 2.332345 1.16712,0 177.7469 0,0.6000447 -2.209345 0.5537953,0 2.253088 0,81.80544
134.887,7,114.0251,132.1856,0,Lab_Idle,0,default,0,16,0,0,10000,-0.07605811 2.331438 1.168067,1.774138 177.7698 176.5366,-0.07598724 2.332345 1.16712,0 177.7469 0,0.6000447 -2.209345 0.5537953,0 2.253088 0,81.96803
145.8369,8,135.4589,143.1355,0,Lab_Idle,0,default,0,16,0,0,10000,-0.07612602 2.330873 1.168666,2.190745 177.7627 176.5753,-0.07598724 2.332345 1.16712,0 177.7469 0,0.6000447 -2.209345 0.5537953,0 2.253088 0,81.51222
156.7445,9,146.3076,154.0428,0,Lab_Idle,0,default,0,16,0,0,10000,-0.0761608 2.330545 1.169018,2.434254 177.7545 176.5983,-0.07598724 2.332345 1.16712,0 177.7469 0,0.6000447 -2.209345 0.5537953,0 2.253088 0,82.5146
179.4303,10,157.0991,176.7302,0,Lab_Idle,0,default,0,16,0,0,10000,-0.07610115 2.329951 1.169679,2.878037 177.6232 176.6617,-0.07598724 2.332345 1.16712,0 177.7469 0,0.6000447 -2.209345 0.5537953,0 2.253088 0,82.6252
189.9061,11,180.037,187.2028,0,Lab_Idle,0,default,0,16,0,0,10000,-0.07612085 2.329292 1.170413,3.373963 177.5557 176.7175,-0.07598724 2.332345 1.16712,0 177.7469 0,0.6000447 -2.209345 0.5537953,0 2.253088 0,82.5927
213.7191,12,190.221,211.0185,0,Lab_Idle,0,default,0,16,0,0,10000,-0.07607295 2.328913 1.170847,3.664057 177.5047 176.7176,-0.07598724 2.332345 1.16712,0 177.7469 0,0.6000447 -2.209345 0.5537953,0 2.253088 0,82.76157
224.0156,13,214.2344,221.3116,0,Lab_Idle,0,default,0,16,0,0,10000,-0.07600664 2.328454 1.171381,4.018392 177.4507 176.7036,-0.07598724 2.332345 1.16712,0 177.7469 0,0.6000447 -2.209345 0.5537953,0 2.253088 0,82.73932
235.0094,14,224.3558,232.3128,0,Lab_Idle,0,default,0,16,0,0,10000,-0.07599755 2.328445 1.171391,4.024891 177.4518 176.6957,-0.07598724 2.332345 1.16712,0 177.7469 0,0.6000447 -2.209345 0.5537953,0 2.253088 0,83.41849
257.3645,15,235.4571,254.6625,0,Lab_Idle,0,default,0,16,0,0,10000,-0.07608798 2.328762 1.171017,3.779621 177.5133 176.715,-0.07598724 2.332345 1.16712,0 177.7469 0,0.6000447 -2.209345 0.5537953,0 2.253088 0,83.51012
268.0002,16,257.8073,265.2988,0,Lab_Idle,0,default,0,16,0,0,10000,-0.07612786 2.328901 1.170855,3.671253 177.5198 176.7426,-0.07598724 2.332345 1.16712,0 177.7469 0,0.6000447 -2.209345 0.5537953,0 2.253088 0,83.49841
278.9638,17,268.3637,276.2626,0,Lab_Idle,0,default,0,16,0,0,10000,-0.07613266 2.329194 1.170523,3.447168 177.5262 176.7504,-0.07598724 2.332345 1.16712,0 177.7469 0,0.6000447 -2.209345 0.5537953,0 2.253088 0,84.12435
302.6263,18,279.4462,299.9248,0,Lab_Idle,0,default,0,16,0,0,10000,-0.07620887 2.329643 1.17001,3.104709 177.5939 176.7569,-0.07598724 2.332345 1.16712,0 177.7469 0,0.6000447 -2.209345 0.5537953,0 2.253088 0,84.20127
313.1598,19,303.2558,310.46,0,Lab_Idle,0,default,0,16,0,0,10000,-0.07627688 2.329892 1.169725,2.914829 177.6337 176.7764,-0.07598724 2.332345 1.16712,0 177.7469 0,0.6000447 -2.209345 0.5537953,0 2.253088 0,84.29497
323.9334,20,313.6968,321.2303,0,Lab_Idle,0,default,0,16,0,0,10000,-0.0763034 2.330018 1.169583,2.819446 177.6485 176.7854,-0.07598724 2.332345 1.16712,0 177.7469 0,0.6000447 -2.209345 0.5537953,0 2.253088 0,84.42851
346.23,21,324.3873,343.539,0,Lab_Idle,0,default,0,16,0,0,10000,-0.07627634 2.330002 1.169604,2.833394 177.6594 176.7551,-0.07598724 2.332345 1.16712,0 177.7469 0,0.6000447 -2.209345 0.5537953,0 2.253088 0,84.53925
357.2287,22,347.0524,354.5259,0,Lab_Idle,0,default,0,16,0,0,10000,-0.076256 2.330098 1.1695,2.762072 177.6624 176.7407,-0.07598724 2.332345 1.16712,0 177.7469 0,0.6000447 -2.209345 0.5537953,0 2.253088 0,84.79465
367.8336,23,357.8173,365.1315,0,Lab_Idle,0,default,0,16,0,0,10000,-0.07614874 2.330022 1.169595,2.82056 177.6052 176.7155,-0.07598724 2.332345 1.16712,0 177.7469 0,0.6000447 -2.209345 0.5537953,0 2.253088 0,85.23274
390.2646,24,368.3146,387.5635,0,Lab_Idle,0,default,0,16,0,0,10000,-0.07597269 2.329718 1.169951,3.0534 177.5036 176.6748,-0.07598724 2.332345 1.16712,0 177.7469 0,0.6000447 -2.209345 0.5537953,0 2.253088 0,85.28497
402.0205,25,390.9445,399.3197,0,Lab_Idle,0,default,0,16,0,0,10000,-0.07585728 2.329438 1.170277,3.268601 177.4501 176.6323,-0.07598724 2.332345 1.16712,0 177.7469 0,0.6000447 -2.209345 0.5537953,0 2.253088 0,84.70808
413.0795,26,402.5441,410.3795,0,Lab_Idle,0,default,0,16,0,0,10000,-0.07582924 2.329237 1.170506,3.42101 177.419 176.6342,-0.07598724 2.332345 1.16712,0 177.7469 0,0.6000447 -2.209345 0.5537953,0 2.253088 0,84.71157
435.3055,27,413.6735,432.605,0,Lab_Idle,0,default,0,16,0,0,10000,-0.07603522 2.328969 1.170787,3.619167 177.4565 176.7376,-0.07598724 2.332345 1.16712,0 177.7469 0,0.6000447 -2.209345 0.5537953,0 2.253088 0,85.26808
445.464,28,435.8767,442.7619,0,Lab_Idle,0,default,0,16,0,0,10000,-0.07611877 2.328726 1.171056,3.802593 177.4455 176.7992,-0.07598724 2.332345 1.16712,0 177.7469 0,0.6000447 -2.209345 0.5537953,0 2.253088 0,84.63847
468.1059,29,445.8104,465.4044,0,Lab_Idle,0,default,0,16,0,0,10000,-0.07624809 2.328617 1.171168,3.880813 177.4398 176.8936,-0.07598724 2.332345 1.16712,0 177.7469 0,0.6000447 -2.209345 0.5537953,0 2.253088 0,84.71601
478.8289,30,468.7736,476.1262,0,Lab_Idle,0,default,0,16,0,0,10000,-0.07634778 2.328415 1.171389,4.03229 177.4318 176.9653,-0.07598724 2.332345 1.16712,0 177.7469 0,0.6000447 -2.209345 0.5537953,0 2.253088 0,84.0488
489.862,31,479.3621,487.1613,0,Lab_Idle,0,default,0,16,0,0,10000,-0.07642163 2.32836 1.171445,4.071867 177.4364 177.0122,-0.07598724 2.332345 1.16712,0 177.7469 0,0.6000447 -2.209345 0.5537953,0 2.253088 0,84.188
513.1748,32,490.376,510.4747,0,Lab_Idle,0,default,0,16,0,0,10000,-0.07661621 2.328512 1.17125,3.948511 177.4772 177.1199,-0.07598724 2.332345 1.16712,0 177.7469 0,0.6000447 -2.209345 0.5537953,0 2.253088 0,84.15747
524.1468,33,513.7664,521.4443,0,Lab_Idle,0,default,0,16,0,0,10000,-0.07689174 2.328619 1.171101,3.856689 177.5022 177.2987,-0.07598724 2.332345 1.16712,0 177.7469 0,0.6000447 -2.209345 0.5537953,0 2.253088 0,83.47049
535.0703,34,524.652,532.3691,0,Lab_Idle,0,default,0,16,0,0,10000,-0.07712124 2.328819 1.170852,3.69698 177.5433 177.4325,-0.07598724 2.332345 1.16712,0 177.7469 0,0.6000447 -2.209345 0.5537953,0 2.253088 0,83.45227
557.3907,35,535.6029,554.6898,0,Lab_Idle,0,default,0,16,0,0,10000,-0.07749517 2.329165 1.170426,3.422782 177.6246 177.6369,-0.07598724 2.332345 1.16712,0 177.7469 0,0.6000447 -2.209345 0.5537953,0 2.253088 0,83.49709
568.5892,36,557.8169,565.8882,0,Lab_Idle,0,default,0,16,0,0,10000,-0.07797827 2.329569 1.169933,3.105319 177.7444 177.8844,-0.07598724 2.332345 1.16712,0 177.7469 0,0.6000447 -2.209345 0.5537953,0 2.253088 0,82.78585
589.9128,37,569.012,587.2127,0,Lab_Idle,0,default,0,16,0,0,10000,-0.07833534 2.329979 1.16945,2.789881 177.8857 178.0193,-0.07598724 2.332345 1.16712,0 177.7469 0,0.6000447 -2.209345 0.5537953,0 2.253088 0,82.76748
602.4651,38,590.3522,599.7646,0,Lab_Idle,0,default,0,16,0,0,10000,-0.07882144 2.330446 1.168904,2.432167 178.0402 178.2339,-0.07598724 2.332345 1.16712,0 177.7469 0,0.6000447 -2.209345 0.5537953,0 2.253088 0,82.1851
612.9762,39,602.9931,610.2747,0,Lab_Idle,0,default,0,16,0,0,10000,-0.07905608 2.330679 1.168636,2.254361 178.0941 178.3568,-0.07598724 2.332345 1.16712,0 177.7469 0,0.6000447 -2.209345 0.5537953,0 2.253088 0,82.06705
635.1325,40,613.3372,632.4321,0,Lab_Idle,0,default,0,16,0,0,10000,-0.07916892 2.330795 1.168502,2.165973 178.1375 178.399,-0.07598724 2.332345 1.16712,0 177.7469 0,0.6000447 -2.209345 0.5537953,0 2.253088 0,82.0729
646.2435,41,635.7021,643.5444,0,Lab_Idle,0,default,0,16,0,0,10000,-0.07939934 2.331098 1.168164,1.937951 178.1967 178.5147,-0.07598724 2.332345 1.16712,0 177.7469 0,0.6000447 -2.209345 0.5537953,0 2.253088 0,81.35822
656.8968,42,646.8982,654.1949,0,Lab_Idle,0,default,0,16,0,0,10000,-0.07923925 2.33116 1.168107,1.893842 178.1445 178.4518,-0.07598724 2.332345 1.16712,0 177.7469 0,0.6000447 -2.209345 0.5537953,0 2.253088 0,81.33086
679.3513,43,657.238,676.6599,0,Lab_Idle,0,default,0,16,0,0,10000,-0.07890646 2.331115 1.168175,1.93028 178.0168 178.3353,-0.07598724 2.332345 1.16712,0 177.7469 0,0.6000447 -2.209345 0.5537953,0 2.253088 0,81.39658
689.9037,44,679.9008,687.2012,0,Lab_Idle,0,default,0,16,0,0,10000,-0.07888816 2.331259 1.168022,1.823519 178.0054 178.337,-0.07598724 2.332345 1.16712,0 177.7469 0,0.6000447 -2.209345 0.5537953,0 2.253088 0,80.62817
701.9533,45,690.2501,699.2546,0,Lab_Idle,0,default,0,16,0,0,10000,-0.07882099 2.331205 1.168085,1.863874 177.9597 178.3316,-0.07598724 2.332345 1.16712,0 177.7469 0,0.6000447 -2.209345 0.5537953,0 2.253088 0,80.80363
724.2255,46,702.5308,721.5244,0,Lab_Idle,0,default,0,16,0,0,10000,-0.07874888 2.330969 1.168342,2.038509 177.8942 178.3365,-0.07598724 2.332345 1.16712,0 177.7469 0,0.6000447 -2.209345 0.5537953,0 2.253088 0,80.67635
735.3835,47,724.9116,732.6835,0,Lab_Idle,0,default,0,16,0,0,10000,-0.07869801 2.330795 1.168533,2.168122 177.8492 178.3383,-0.07598724 2.332345 1.16712,0 177.7469 0,0.6000447 -2.209345 0.5537953,0 2.253088 0,79.91162
756.5813,48,735.945,753.8805,0,Lab_Idle,0,default,0,16,0,0,10000,-0.07877682 2.330495 1.168853,2.390285 177.8459 178.3893,-0.07598724 2.332345 1.16712,0 177.7469 0,0.6000447 -2.209345 0.5537953,0 2.253088 0,79.91078
768.829,49,757.3021,766.1287,0,Lab_Idle,0,default,0,16,0,0,10000,-0.07893055 2.330234 1.169128,2.582971 177.8391 178.4985,-0.07598724 2.332345 1.16712,0 177.7469 0,0.6000447 -2.209345 0.5537953,0 2.253088 0,79.12968
779.4808,50,769.3643,776.7796,0,Lab_Idle,0,default,0,16,0,0,10000,-0.0790287 2.330079 1.169292,2.697505 177.8249 178.5778,-0.07598724 2.332345 1.16712,0 177.7469 0,0.6000447 -2.209345 0.5537953,0 2.253088 0,79.00443
801.7207,51,779.8342,799.0218,0,Lab_Idle,0,default,0,16,0,0,10000,-0.07912679 2.329987 1.169387,2.764683 177.8259 178.6446,-0.07598724 2.332345 1.16712,0 177.7469 0,0.6000447 -2.209345 0.5537953,0 2.253088 0,79.04968
812.8287,52,802.3602,810.1279,0,Lab_Idle,0,default,0,16,0,0,10000,-0.07925255 2.329826 1.169558,2.884439 177.8297 178.7264,-0.07598724 2.332345 1.16712,0 177.7469 0,0.6000447 -2.209345 0.5537953,0 2.253088 0,78.36652
823.3405,53,813.2322,820.6371,0,Lab_Idle,0,default,0,16,0,0,10000,-0.07933507 2.329723 1.169666,2.960465 177.8277 178.7843,-0.07598724 2.332345 1.16712,0 177.7469 0,0.6000447 -2.209345 0.5537953,0 2.253088 0,78.35477
845.9668,54,823.6747,843.2659,0,Lab_Idle,0,default,0,16,0,0,10000,-0.07954049 2.329566 1.16983,3.077924 177.8574 178.8989,-0.07598724 2.332345 1.16712,0 177.7469 0,0.6000447 -2.209345 0.5537953,0 2.253088 0,78.42294
856.4634,55,846.4506,853.7637,0,Lab_Idle,0,default,0,16,0,0,10000,-0.079919 2.329275 1.170133,3.29395 177.9064 179.1156,-0.07598724 2.332345 1.16712,0 177.7469 0,0.6000447 -2.209345 0.5537953,0 2.253088 0,77.57587
868.7301,56,856.8209,866.031,0,Lab_Idle,0,default,0,16,0,0,10000,-0.08022974 2.329107 1.170308,3.420463 177.9602 179.2829,-0.07598724 2.332345 1.16712,0 177.7469 0,0.6000447 -2.209345 0.5537953,0 2.253088 0,77.62893
890.6846,57,869.1006,888.0725,0,Lab_Idle,0,default,0,16,0,0,10000,-0.08067322 2.328899 1.170522,3.576306 178.0319 179.5278,-0.07598724 2.332345 1.16712,0 177.7469 0,0.6000447 -2.209345 0.5537953,0 2.253088 0,77.50835
901.6916,58,891.1912,898.9918,0,Lab_Idle,0,default,0,16,0,0,10000,-0.08120476 2.328555 1.170892,3.83802 178.1022 179.8338,-0.07598724 2.332345 1.16712,0 177.7469 0,0.6000447 -2.209345 0.5537953,0 2.253088 0,76.73979
924.0256,59,902.1368,921.3274,0,Lab_Idle,0,default,0,16,0,0,10000,-0.08157353 2.328245 1.171236,4.076716 178.2311 179.9702,-0.07598724 2.332345 1.16712,0 177.7469 0,0.6000447 -2.209345 0.5537953,0 2.253088 0,76.76357
996.9923,60,991.4072,994.2917,0,Lab_Idle,0,default,0,16,0,0,10000,-0.08206842 2.327802 1.171737,4.421254 178.3513 180.2028,-0.07598724 2.332345 1.16712,0 177.7469 0,0.6000447 -2.209345 0.5537953,0 2.253088 0,73.96342
1002.163,61,997.4595,999.4595,0,Lab_Idle,0,default,0,16,0,0,10000,-0.08224832 2.32731 1.172312,4.806395 178.3979 180.2772,-0.07598724 2.332345 1.16712,0 177.7469 0,0.6000447 -2.209345 0.5537953,0 2.253088 0,75.21317
1023.743,62,1002.674,1021.042,0,Lab_Idle,0,default,0,16,0,0,10000,-0.08281729 2.325819 1.174104,5.994405 178.4151 180.6334,-0.07598724 2.332345 1.16712,0 177.7469 0,0.6000447 -2.209345 0.5537953,0 2.253088 0,76.9502
1034.654,63,1024.181,1031.956,0,Lab_Idle,0,default,0,16,0,0,10000,-0.0829188 2.325235 1.174829,6.467816 178.3791 180.7234,-0.07598724 2.332345 1.16712,0 177.7469 0,0.6000447 -2.209345 0.5537953,0 2.253088 0,76.72524
1046.377,64,1035.074,1043.676,0,Lab_Idle,0,default,0,16,0,0,10000,-0.08297439 2.324537 1.175713,7.039708 178.308 180.8071,-0.07598724 2.332345 1.16712,0 177.7469 0,0.6000447 -2.209345 0.5537953,0 2.253088 0,76.49049
1068.072,65,1046.747,1065.372,0,Lab_Idle,0,default,0,16,0,0,10000,-0.08315912 2.323835 1.176621,7.62393 178.2891 180.9364,-0.07598724 2.332345 1.16712,0 177.7469 0,0.6000447 -2.209345 0.5537953,0 2.253088 0,77.04498
1079.623,66,1068.644,1076.921,0,Lab_Idle,0,default,0,16,0,0,10000,-0.0832076 2.323626 1.176894,7.799342 178.2734 180.9787,-0.07598724 2.332345 1.16712,0 177.7469 0,0.6000447 -2.209345 0.5537953,0 2.253088 0,76.29489
1102.138,67,1079.982,1099.437,0,Lab_Idle,0,default,0,16,0,0,10000,-0.08324686 2.323629 1.17689,7.7967 178.3052 180.9797,-0.07598724 2.332345 1.16712,0 177.7469 0,0.6000447 -2.209345 0.5537953,0 2.253088 0,76.48902
1112.288,68,1102.592,1109.587,0,Lab_Idle,0,default,0,16,0,0,10000,-0.08329249 2.323378 1.177222,8.008061 178.3083 181.0027,-0.07598724 2.332345 1.16712,0 177.7469 0,0.6000447 -2.209345 0.5537953,0 2.253088 0,75.62504
1123.691,69,1112.696,1120.988,0,Lab_Idle,0,default,0,16,0,0,10000,-0.08329976 2.323338 1.177275,8.041948 178.3107 181.0047,-0.07598724 2.332345 1.16712,0 177.7469 0,0.6000447 -2.209345 0.5537953,0 2.253088 0,76.50248
1146.084,70,1124.133,1143.383,0,Lab_Idle,0,default,0,16,0,0,10000,-0.08323868 2.323606 1.17692,7.816471 178.2685 181.0045,-0.07598724 2.332345 1.16712,0 177.7469 0,0.6000447 -2.209345 0.5537953,0 2.253088 0,76.40344
1157.083,71,1146.697,1154.383,0,Lab_Idle,0,default,0,16,0,0,10000,-0.08332568 2.323644 1.176869,7.786123 178.2534 181.0809,-0.07598724 2.332345 1.16712,0 177.7469 0,0.6000447 -2.209345 0.5537953,0 2.253088 0,76.12896
1167.821,72,1157.563,1165.122,0,Lab_Idle,0,default,0,16,0,0,10000,-0.08340979 2.323651 1.17686,7.782163 178.2366 181.1557,-0.07598724 2.332345 1.16712,0 177.7469 0,0.6000447 -2.209345 0.5537953,0 2.253088 0,76.10108
1179.2,73,1168.378,1176.498,0,Lab_Idle,0,default,0,16,0,0,10000,-0.08347558 2.323583 1.176948,7.839905 178.2406 181.1974,-0.07598724 2.332345 1.16712,0 177.7469 0,0.6000447 -2.209345 0.5537953,0 2.253088 0,76.3616
1201.887,74,1179.799,1199.186,0,Lab_Idle,0,default,0,16,0,0,10000,-0.08356094 2.323442 1.177134,7.958837 178.2708 181.2287,-0.07598724 2.332345 1.16712,0 177.7469 0,0.6000447 -2.209345 0.5537953,0 2.253088 0,76.54369
1212.598,75,1202.597,1209.9,0,Lab_Idle,0,default,0,16,0,0,10000,-0.08368589 2.323159 1.177511,8.19983 178.2789 181.3032,-0.07598724 2.332345 1.16712,0 177.7469 0,0.6000447 -2.209345 0.5537953,0 2.253088 0,76.24082
1234.639,76,1213.195,1231.939,0,Lab_Idle,0,default,0,16,0,0,10000,-0.08379359 2.322882 1.177881,8.435755 178.2911 181.3621,-0.07598724 2.332345 1.16712,0 177.7469 0,0.6000447 -2.209345 0.5537953,0 2.253088 0,76.51136
1246.504,77,1235.483,1243.805,0,Lab_Idle,0,default,0,16,0,0,10000,-0.08397546 2.32252 1.178372,8.748565 178.2848 181.4871,-0.07598724 2.332345 1.16712,0 177.7469 0,0.6000447 -2.209345 0.5537953,0 2.253088 0,76.23226
1256.822,78,1247.069,1254.119,0,Lab_Idle,0,default,0,16,0,0,10000,-0.08411893 2.322322 1.178643,8.92075 178.3011 181.5704,-0.07598724 2.332345 1.16712,0 177.7469 0,0.6000447 -2.209345 0.5537953,0 2.253088 0,76.13528
1280.582,79,1257.358,1277.882,0,Lab_Idle,0,default,0,16,0,0,10000,-0.08416323 2.322127 1.178911,9.091148 178.2579 181.6323,-0.07598724 2.332345 1.16712,0 177.7469 0,0.6000447 -2.209345 0.5537953,0 2.253088 0,76.46281
1290.241,80,1281.319,1287.541,0,Lab_Idle,0,default,0,16,0,0,10000,-0.08432734 2.32176 1.179422,9.413628 178.2501 181.7451,-0.07598724 2.332345 1.16712,0 177.7469 0,0.6000447 -2.209345 0.5537953,0 2.253088 0,75.91038
1301.274,81,1290.818,1298.573,0,Lab_Idle,0,default,0,16,0,0,10000,-0.08440667 2.321531 1.179743,9.61475 178.2457 181.7986,-0.07598724 2.332345 1.16712,0 177.7469 0,0.6000447 -2.209345 0.5537953,0 2.253088 0,76.36854
1312.124,82,1301.976,1309.423,0,Lab_Idle,0,default,0,16,0,0,10000,-0.08449219 2.321249 1.180142,9.864361 178.2437 181.8527,-0.07598724 2.332345 1.16712,0 177.7469 0,0.6000447 -2.209345 0.5537953,0 2.253088 0,76.58214
1335.015,83,1312.747,1332.316,0,Lab_Idle,0,default,0,16,0,0,10000,-0.08462977 2.32087 1.180684,10.20265 178.2448 181.9384,-0.07598724 2.332345 1.16712,0 177.7469 0,0.6000447 -2.209345 0.5537953,0 2.253088 0,77.37189
1345.966,84,1335.669,1343.266,0,Lab_Idle,0,default,0,16,0,0,10000,-0.08481738 2.320288 1.181532,10.72896 178.211 182.0811,-0.07598724 2.332345 1.16712,0 177.7469 0,0.6000447 -2.209345 0.5537953,0 2.253088 0,76.30218
1356.828,85,1346.532,1354.125,0,Lab_Idle,0,default,0,16,0,0,10000,-0.08490358 2.319933 1.182056,11.05273 178.1772 182.1578,-0.07598724 2.332345 1.16712,0 177.7469 0,0.6000447 -2.209345 0.5537953,0 2.253088 0,76.54215
1379.527,86,1357.359,1376.829,0,Lab_Idle,0,default,0,16,0,0,10000,-0.08493787 2.319606 1.182544,11.35175 178.1512 182.1917,-0.07598724 2.332345 1.16712,0 177.7469 0,0.6000447 -2.209345 0.5537953,0 2.253088 0,77.28787
1390.267,87,1380.145,1387.565,0,Lab_Idle,0,default,0,16,0,0,10000,-0.08507893 2.319088 1.183331,11.83362 178.1327 182.2889,-0.07598724 2.332345 1.16712,0 177.7469 0,0.6000447 -2.209345 0.5537953,0 2.253088 0,76.25072
1401.561,88,1390.817,1398.859,0,Lab_Idle,0,default,0,16,0,0,10000,-0.08516264 2.318887 1.183642,12.02214 178.1595 182.3209,-0.07598724 2.332345 1.16712,0 177.7469 0,0.6000447 -2.209345 0.5537953,0 2.253088 0,76.52751
1423.502,89,1402.077,1420.803,0,Lab_Idle,0,default,0,16,0,0,10000,-0.08520604 2.318773 1.183817,12.12802 178.186 182.3276,-0.07598724 2.332345 1.16712,0 177.7469 0,0.6000447 -2.209345 0.5537953,0 2.253088 0,77.21309
1434.681,90,1423.994,1431.98,0,Lab_Idle,0,default,0,16,0,0,10000,-0.08522849 2.318449 1.184322,12.43339 178.1613 182.3511,-0.07598724 2.332345 1.16712,0 177.7469 0,0.6000447 -2.209345 0.5537953,0 2.253088 0,76.38094
1445.697,91,1435.097,1442.998,0,Lab_Idle,0,default,0,16,0,0,10000,-0.08514915 2.318428 1.184353,12.45092 178.1401 182.3097,-0.07598724 2.332345 1.16712,0 177.7469 0,0.6000447 -2.209345 0.5537953,0 2.253088 0,76.58448
1456.323,92,1446.266,1453.621,0,Lab_Idle,0,default,0,16,0,0,10000,-0.08505858 2.318465 1.184292,12.41281 178.1168 182.264,-0.07598724 2.332345 1.16712,0 177.7469 0,0.6000447 -2.209345 0.5537953,0 2.253088 0,77.29853
1479.256,93,1456.717,1476.557,0,Lab_Idle,0,default,0,16,0,0,10000,-0.08489868 2.318654 1.183996,12.23271 178.0684 182.1935,-0.07598724 2.332345 1.16712,0 177.7469 0,0.6000447 -2.209345 0.5537953,0 2.253088 0,77.21103
1490.481,94,1480.001,1487.78,0,Lab_Idle,0,default,0,16,0,0,10000,-0.08483175 2.318652 1.183997,12.23322 178.0288 182.1758,-0.07598724 2.332345 1.16712,0 177.7469 0,0.6000447 -2.209345 0.5537953,0 2.253088 0,76.94235
1501.371,95,1490.873,1498.672,0,Lab_Idle,0,default,0,16,0,0,10000,-0.08474824 2.318652 1.183996,12.23132 178.0039 182.1351,-0.07598724 2.332345 1.16712,0 177.7469 0,0.6000447 -2.209345 0.5537953,0 2.253088 0,76.94688
1523.407,96,1501.789,1520.708,0,Lab_Idle,0,default,0,16,0,0,10000,-0.08465379 2.318513 1.184211,12.35838 177.9931 182.0703,-0.07598724 2.332345 1.16712,0 177.7469 0,0.6000447 -2.209345 0.5537953,0 2.253088 0,77.17876
1534.582,97,1523.931,1531.882,0,Lab_Idle,0,default,0,16,0,0,10000,-0.08453074 2.318273 1.184586,12.5818 177.9547 182.002,-0.07598724 2.332345 1.16712,0 177.7469 0,0.6000447 -2.209345 0.5537953,0 2.253088 0,77.21675
1545.97,98,1535.023,1543.269,0,Lab_Idle,0,default,0,16,0,0,10000,-0.08448569 2.318084 1.184882,12.75881 177.9398 181.9733,-0.07598724 2.332345 1.16712,0 177.7469 0,0.6000447 -2.209345 0.5537953,0 2.253088 0,77.19077
1568.099,99,1546.539,1565.4,0,Lab_Idle,0,default,0,16,0,0,10000,-0.08447109 2.317902 1.185172,12.93147 177.9423 181.9536,-0.07598724 2.332345 1.16712,0 177.7469 0,0.6000447 -2.209345 0.5537953,0 2.253088 0,77.13653
1579.198,100,1568.736,1576.497,0,Lab_Idle,0,default,0,16,0,0,10000,-0.08437949 2.317709 1.18548,13.11453 177.8942 181.916,-0.07598724 2.332345 1.16712,0 177.7469 0,0.6000447 -2.209345 0.5537953,0 2.253088 0,77.13737
1590.115,101,1579.738,1587.413,0,Lab_Idle,0,default,0,16,0,0,10000,-0.08434679 2.317697 1.185498,13.12436 177.9022 181.8861,-0.07598724 2.332345 1.16712,0 177.7469 0,0.6000447 -2.209345 0.5537953,0 2.253088 0,77.13938
1601.602,102,1590.528,1598.903,0,Lab_Idle,0,default,0,16,0,0,10000,-0.08430521 2.31775 1.185413,13.07277 177.8844 181.872,-0.07598724 2.332345 1.16712,0 177.7469 0,0.6000447 -2.209345 0.5537953,0 2.253088 0,77.85151
1623.987,103,1602.146,1621.286,0,Lab_Idle,0,default,0,16,0,0,10000,-0.08418209 2.317974 1.185055,12.85691 177.8575 181.8135,-0.07598724 2.332345 1.16712,0 177.7469 0,0.6000447 -2.209345 0.5537953,0 2.253088 0,77.98008
1635.012,104,1624.463,1632.312,0,Lab_Idle,0,default,0,16,0,0,10000,-0.08398739 2.318112 1.184835,12.72181 177.8019 181.722,-0.07598724 2.332345 1.16712,0 177.7469 0,0.6000447 -2.209345 0.5537953,0 2.253088 0,77.16793
1645.357,105,1635.535,1642.654,0,Lab_Idle,0,default,0,16,0,0,10000,-0.08393513 2.318235 1.184643,12.60462 177.8127 181.6816,-0.07598724 2.332345 1.16712,0 177.7469 0,0.6000447 -2.209345 0.5537953,0 2.253088 0,77.37639
1668.304,106,1645.738,1665.603,0,Lab_Idle,0,default,0,16,0,0,10000,-0.08393327 2.318366 1.184436,12.47903 177.8647 181.6464,-0.07598724 2.332345 1.16712,0 177.7469 0,0.6000447 -2.209345 0.5537953,0 2.253088 0,78.17325
1679.416,107,1668.841,1676.716,0,Lab_Idle,0,default,0,16,0,0,10000,-0.08381069 2.318491 1.184241,12.35784 177.8941 181.5414,-0.07598724 2.332345 1.16712,0 177.7469 0,0.6000447 -2.209345 0.5537953,0 2.253088 0,77.182
1689.677,108,1679.878,1686.976,0,Lab_Idle,0,default,0,16,0,0,10000,-0.08374184 2.318532 1.184177,12.31754 177.8975 181.4912,-0.07598724 2.332345 1.16712,0 177.7469 0,0.6000447 -2.209345 0.5537953,0 2.253088 0,77.37865
1713.095,109,1690.059,1710.395,0,Lab_Idle,0,default,0,16,0,0,10000,-0.08369178 2.318481 1.184257,12.36481 177.8793 181.4672,-0.07598724 2.332345 1.16712,0 177.7469 0,0.6000447 -2.209345 0.5537953,0 2.253088 0,78.19814
1723.413,110,1713.598,1720.711,0,Lab_Idle,0,default,0,16,0,0,10000,-0.08364572 2.318456 1.184296,12.38728 177.8725 181.4383,-0.07598724 2.332345 1.16712,0 177.7469 0,0.6000447 -2.209345 0.5537953,0 2.253088 0,77.32314
1734.739,111,1723.791,1732.038,0,Lab_Idle,0,default,0,16,0,0,10000,-0.08366616 2.318449 1.184308,12.39522 177.8638 181.4593,-0.07598724 2.332345 1.16712,0 177.7469 0,0.6000447 -2.209345 0.5537953,0 2.253088 0,77.62785
1745.478,112,1735.269,1742.776,0,Lab_Idle,0,default,0,16,0,0,10000,-0.08364879 2.318498 1.18423,12.34821 177.8613 181.4509,-0.07598724 2.332345 1.16712,0 177.7469 0,0.6000447 -2.209345 0.5537953,0 2.253088 0,78.29382
1767.886,113,1745.851,1765.185,0,Lab_Idle,0,default,0,16,0,0,10000,-0.08361755 2.318662 1.183976,12.19344 177.8985 181.4068,-0.07598724 2.332345 1.16712,0 177.7469 0,0.6000447 -2.209345 0.5537953,0 2.253088 0,78.34801
1779.27,114,1768.371,1776.572,0,Lab_Idle,0,default,0,16,0,0,10000,-0.08354869 2.318877 1.183645,11.99236 177.8909 181.3721,-0.07598724 2.332345 1.16712,0 177.7469 0,0.6000447 -2.209345 0.5537953,0 2.253088 0,78.30786
1790.387,115,1779.782,1787.685,0,Lab_Idle,0,default,0,16,0,0,10000,-0.08356318 2.319015 1.183432,11.86378 177.9121 181.3716,-0.07598724 2.332345 1.16712,0 177.7469 0,0.6000447 -2.209345 0.5537953,0 2.253088 0,78.39857
1801.188,116,1791.096,1798.488,0,Lab_Idle,0,default,0,16,0,0,10000,-0.08362563 2.319092 1.183314,11.79303 177.9587 181.3832,-0.07598724 2.332345 1.16712,0 177.7469 0,0.6000447 -2.209345 0.5537953,0 2.253088 0,78.29903
1822.372,117,1802.498,20.9668,1,Lab_FBIOut,0,asynchroneous,0,16,3,4,10000,-0.08366281 2.319038 1.183397,11.84335 177.9707 181.3985,-0.07598724 2.332345 1.16712,0 177.7469 0,0.6000447 -2.209345 0.5537953,0 2.253088 0,78.42801
1833.56,118,1822.881,32.1538,1,Lab_FBIOut,0,asynchroneous,0,16,3,4,10000,-0.08365404 2.318994 1.183464,11.88415 177.9651 181.3949,-0.07598724 2.332345 1.16712,0 177.7469 0,0.6000447 -2.209345 0.5537953,0 2.253088 0,78.29903
1845.233,119,1834.011,43.8279,1,Lab_FBIOut,0,asynchroneous,0,16,3,4,10000,-0.08362328 2.318848 1.183688,12.01877 177.9698 181.3635,-0.07598724 2.332345 1.16712,0 177.7469 0,0.6000447 -2.209345 0.5537953,0 2.253088 0,78.20857
1866.804,120,1845.657,65.3983,1,Lab_FBIOut,0,asynchroneous,0,16,3,4,10000,-0.08355818 2.318558 1.184137,12.28736 177.9616 181.3117,-0.07598724 2.332345 1.16712,0 177.7469 0,0.6000447 -2.209345 0.5537953,0 2.253088 0,78.3219
1877.236,121,1867.375,75.8278,1,Lab_FBIOut,0,asynchroneous,0,16,3,4,10000,-0.08348553 2.318285 1.184565,12.54345 177.9428 181.2631,-0.07598724 2.332345 1.16712,0 177.7469 0,0.6000447 -2.209345 0.5537953,0 2.253088 0,78.09262
1888.247,122,1877.696,86.8406,1,Lab_FBIOut,0,asynchroneous,0,16,3,4,10000,-0.08344937 2.318079 1.184891,12.73798 177.9352 181.2346,-0.07598724 2.332345 1.16712,0 177.7469 0,0.6000447 -2.209345 0.5537953,0 2.253088 0,78.32457
1899.937,123,1888.68,98.5304,1,Lab_FBIOut,0,asynchroneous,0,16,3,4,10000,-0.08343131 2.317945 1.185104,12.86492 177.9203 181.2274,-0.07598724 2.332345 1.16712,0 177.7469 0,0.6000447 -2.209345 0.5537953,0 2.253088 0,78.51012
1911.036,124,1900.351,109.6303,1,Lab_FBIOut,0,asynchroneous,0,16,3,4,10000,-0.08340409 2.317851 1.185253,12.95363 177.9165 181.2069,-0.07598724 2.332345 1.16712,0 177.7469 0,0.6000447 -2.209345 0.5537953,0 2.253088 0,79.12051
1921.933,125,1911.527,120.5258,1,Lab_FBIOut,0,asynchroneous,0,16,3,4,10000,-0.08336705 2.317813 1.185313,12.98877 177.9191 181.1768,-0.07598724 2.332345 1.16712,0 177.7469 0,0.6000447 -2.209345 0.5537953,0 2.253088 0,79.09921
1933.655,126,1922.369,132.2483,1,Lab_FBIOut,0,asynchroneous,0,16,3,4,10000,-0.08331682 2.317849 1.185256,12.95335 177.9189 181.1425,-0.07598724 2.332345 1.16712,0 177.7469 0,0.6000447 -2.209345 0.5537953,0 2.253088 0,79.28165
1944.788,127,1934.069,143.3844,1,Lab_FBIOut,0,asynchroneous,0,16,3,4,10000,-0.08329845 2.317951 1.185093,12.85546 177.9301 181.1252,-0.07598724 2.332345 1.16712,0 177.7469 0,0.6000447 -2.209345 0.5537953,0 2.253088 0,79.37539
1955.007,128,1945.215,153.5985,1,Lab_FBIOut,0,asynchroneous,0,16,3,4,10000,-0.08328116 2.317947 1.185101,12.85898 177.9441 181.1021,-0.07598724 2.332345 1.16712,0 177.7469 0,0.6000447 -2.209345 0.5537953,0 2.253088 0,79.52605
1966.597,129,1955.373,165.1908,1,Lab_FBIOut,0,asynchroneous,0,16,3,4,10000,-0.08325146 2.317965 1.185074,12.84192 177.9664 181.0647,-0.07598724 2.332345 1.16712,0 177.7469 0,0.6000447 -2.209345 0.5537953,0 2.253088 0,79.7925
1977.34,130,1967.023,175.9321,1,Lab_FBIOut,0,asynchroneous,0,16,3,4,10000,-0.08328173 2.317967 1.185068,12.83873 178.0134 181.0511,-0.07598724 2.332345 1.16712,0 177.7469 0,0.6000447 -2.209345 0.5537953,0 2.253088 0,79.88153
2000.066,131,1977.743,198.6848,1,Lab_FBIOut,0,asynchroneous,0,16,3,4,10000,-0.08337671 2.317971 1.185061,12.835 178.0842 181.066,-0.07598724 2.332345 1.16712,0 177.7469 0,0.6000447 -2.209345 0.5537953,0 2.253088 0,80.06493
2010.851,132,2000.641,209.4433,1,Lab_FBIOut,0,asynchroneous,0,16,3,4,10000,-0.08338888 2.317937 1.185114,12.86623 178.1358 181.0346,-0.07598724 2.332345 1.16712,0 177.7469 0,0.6000447 -2.209345 0.5537953,0 2.253088 0,79.50146
2021.56,133,2011.57,220.1508,1,Lab_FBIOut,0,asynchroneous,0,16,3,4,10000,-0.08335887 2.317902 1.185172,12.90031 178.1305 181.0158,-0.07598724 2.332345 1.16712,0 177.7469 0,0.6000447 -2.209345 0.5537953,0 2.253088 0,78.01161
2033.38,134,2021.943,231.9746,1,Lab_FBIOut,0,asynchroneous,0,16,3,4,10000,-0.08329011 2.317854 1.185249,12.94491 178.1011 180.9869,-0.07598724 2.332345 1.16712,0 177.7469 0,0.6000447 -2.209345 0.5537953,0 2.253088 0,78.22676
2044.462,135,2033.879,243.0551,1,Lab_FBIOut,0,asynchroneous,0,16,3,4,10000,-0.08323377 2.31777 1.185385,13.02517 178.0857 180.9548,-0.07598724 2.332345 1.16712,0 177.7469 0,0.6000447 -2.209345 0.5537953,0 2.253088 0,78.75568
2055.127,136,2044.865,253.7178,1,Lab_FBIOut,0,asynchroneous,0,16,3,4,10000,-0.0832093 2.317688 1.185517,13.10346 178.0836 180.9357,-0.07598724 2.332345 1.16712,0 177.7469 0,0.6000447 -2.209345 0.5537953,0 2.253088 0,78.73854
2066.496,137,2055.569,265.0903,1,Lab_FBIOut,0,asynchroneous,0,16,3,4,10000,-0.08315028 2.317612 1.185638,13.17464 178.0593 180.9086,-0.07598724 2.332345 1.16712,0 177.7469 0,0.6000447 -2.209345 0.5537953,0 2.253088 0,78.85715
2077.739,138,2066.961,276.3329,1,Lab_FBIOut,0,asynchroneous,0,16,3,4,10000,-0.08309489 2.317566 1.185713,13.21839 178.0282 180.8903,-0.07598724 2.332345 1.16712,0 177.7469 0,0.6000447 -2.209345 0.5537953,0 2.253088 0,78.97923
2088.33,139,2078.142,286.9208,1,Lab_FBIOut,0,asynchroneous,0,16,3,4,10000,-0.08304161 2.317539 1.185758,13.24397 178.0329 180.8476,-0.07598724 2.332345 1.16712,0 177.7469 0,0.6000447 -2.209345 0.5537953,0 2.253088 0,79.56721
2099.775,140,2088.688,298.3679,1,Lab_FBIOut,0,asynchroneous,0,16,3,4,10000,-0.0829752 2.317516 1.185795,13.26494 178.0253 180.8048,-0.07598724 2.332345 1.16712,0 177.7469 0,0.6000447 -2.209345 0.5537953,0 2.253088 0,79.67619
2110.833,141,2100.261,309.4256,1,Lab_FBIOut,0,asynchroneous,0,16,3,4,10000,-0.08290515 2.317486 1.185845,13.29334 178.0136 180.7621,-0.07598724 2.332345 1.16712,0 177.7469 0,0.6000447 -2.209345 0.5537953,0 2.253088 0,79.77637
2122.286,142,2111.434,320.8776,1,Lab_FBIOut,0,asynchroneous,0,16,3,4,10000,-0.0829206 2.317445 1.185912,13.33308 178.0367 180.7544,-0.07598724 2.332345 1.16712,0 177.7469 0,0.6000447 -2.209345 0.5537953,0 2.253088 0,80.37756
2133.401,143,2122.714,331.9943,1,Lab_FBIOut,0,asynchroneous,0,16,3,4,10000,-0.08293597 2.317411 1.185967,13.36588 178.0458 180.7573,-0.07598724 2.332345 1.16712,0 177.7469 0,0.6000447 -2.209345 0.5537953,0 2.253088 0,80.25225
2143.939,144,2133.859,342.5328,1,Lab_FBIOut,0,asynchroneous,0,16,3,4,10000,-0.08293091 2.317389 1.186002,13.38662 178.0453 180.7531,-0.07598724 2.332345 1.16712,0 177.7469 0,0.6000447 -2.209345 0.5537953,0 2.253088 0,80.2784
2154.875,145,2144.371,353.4668,1,Lab_FBIOut,0,asynchroneous,0,16,3,4,10000,-0.0829599 2.317391 1.185999,13.38525 178.0724 180.7539,-0.07598724 2.332345 1.16712,0 177.7469 0,0.6000447 -2.209345 0.5537953,0 2.253088 0,80.46917
2166.116,146,2155.265,364.7103,1,Lab_FBIOut,0,asynchroneous,0,16,3,4,10000,-0.08292884 2.317407 1.185974,13.36928 178.082 180.7251,-0.07598724 2.332345 1.16712,0 177.7469 0,0.6000447 -2.209345 0.5537953,0 2.253088 0,81.0982
2178.011,147,2166.486,376.6068,1,Lab_FBIOut,0,asynchroneous,0,16,3,4,10000,-0.08287623 2.317427 1.185941,13.34892 178.0685 180.6983,-0.07598724 2.332345 1.16712,0 177.7469 0,0.6000447 -2.209345 0.5537953,0 2.253088 0,81.08237
2188.401,148,2178.41,386.9919,1,Lab_FBIOut,0,asynchroneous,0,16,3,4,10000,-0.08281021 2.317414 1.185965,13.36136 178.0726 180.6474,-0.07598724 2.332345 1.16712,0 177.7469 0,0.6000447 -2.209345 0.5537953,0 2.253088 0,80.96847
2199.878,149,2188.743,398.4724,1,Lab_FBIOut,0,asynchroneous,0,16,3,4,10000,-0.08271389 2.317371 1.186035,13.40136 178.0627 180.5841,-0.07598724 2.332345 1.16712,0 177.7469 0,0.6000447 -2.209345 0.5537953,0 2.253088 0,81.08103
2210.771,150,2200.288,409.363,1,Lab_FBIOut,0,asynchroneous,0,16,3,4,10000,-0.08255363 2.317264 1.186214,13.5041 178.0481 180.4759,-0.07598724 2.332345 1.16712,0 177.7469 0,0.6000447 -2.209345 0.5537953,0 2.253088 0,81.15891
2222.308,151,2211.223,420.913,1,Lab_FBIOut,0,asynchroneous,0,16,3,4,10000,-0.08235441 2.317105 1.186478,13.65675 178.0347 180.3367,-0.07598724 2.332345 1.16712,0 177.7469 0,0.6000447 -2.209345 0.5537953,0 2.253088 0,81.78837
2232.963,152,2222.728,431.5576,1,Lab_FBIOut,0,asynchroneous,0,16,3,4,10000,-0.08213496 2.316913 1.186801,13.84365 177.9882 180.2056,-0.07598724 2.332345 1.16712,0 177.7469 0,0.6000447 -2.209345 0.5537953,0 2.253088 0,81.69492
2243.975,153,2233.377,442.5679,1,Lab_FBIOut,0,asynchroneous,0,16,3,4,10000,-0.08190154 2.316747 1.187084,14.00573 177.9274 180.0758,-0.07598724 2.332345 1.16712,0 177.7469 0,0.6000447 -2.209345 0.5537953,0 2.253088 0,81.85526
2254.996,154,2244.401,453.5872,1,Lab_FBIOut,0,asynchroneous,0,16,3,4,10000,-0.08162856 2.316539 1.187443,14.21154 177.8641 179.9169,-0.07598724 2.332345 1.16712,0 177.7469 0,0.6000447 -2.209345 0.5537953,0 2.253088 0,82.44579
2266.916,155,2255.342,465.5105,1,Lab_FBIOut,0,asynchroneous,0,16,3,4,10000,-0.08128247 2.316323 1.187822,14.42664 177.7572 179.736,-0.07598724 2.332345 1.16712,0 177.7469 0,0.6000447 -2.209345 0.5537953,0 2.253088 0,82.52905
2277.568,156,2267.363,476.1614,1,Lab_FBIOut,0,asynchroneous,0,16,3,4,10000,-0.08088216 2.316086 1.188244,14.66464 177.6399 179.5214,-0.07598724 2.332345 1.16712,0 177.7469 0,0.6000447 -2.209345 0.5537953,0 2.253088 0,82.35521
2288.423,157,2278.009,487.0134,1,Lab_FBIOut,0,asynchroneous,0,16,3,4,10000,-0.08045497 2.31583 1.18871,14.92647 177.522 179.2856,-0.07598724 2.332345 1.16712,0 177.7469 0,0.6000447 -2.209345 0.5537953,0 2.253088 0,82.50181
2300.019,158,2288.745,498.6138,1,Lab_FBIOut,0,asynchroneous,0,16,3,4,10000,-0.08003825 2.315565 1.189197,15.19941 177.4144 179.0479,-0.07598724 2.332345 1.16712,0 177.7469 0,0.6000447 -2.209345 0.5537953,0 2.253088 0,83.15057
2310.869,159,2300.429,509.4623,1,Lab_FBIOut,0,asynchroneous,0,16,3,4,10000,-0.07961136 2.315239 1.189803,15.5403 177.3263 178.7842,-0.07598724 2.332345 1.16712,0 177.7469 0,0.6000447 -2.209345 0.5537953,0 2.253088 0,82.91061
2321.902,160,2311.282,520.4942,1,Lab_FBIOut,0,asynchroneous,0,16,3,4,10000,-0.07927857 2.314869 1.190493,15.93102 177.2487 178.5762,-0.07598724 2.332345 1.16712,0 177.7469 0,0.6000447 -2.209345 0.5537953,0 2.253088 0,82.93736
2332.934,161,2322.459,531.5246,1,Lab_FBIOut,0,asynchroneous,0,16,3,4,10000,-0.07897963 2.314498 1.191193,16.32476 177.1056 178.4354,-0.07598724 2.332345 1.16712,0 177.7469 0,0.6000447 -2.209345 0.5537953,0 2.253088 0,82.90189
2344.422,162,2333.324,543.0147,1,Lab_FBIOut,0,asynchroneous,0,16,3,4,10000,-0.07871387 2.314168 1.191827,16.67964 176.9768 178.3088,-0.07598724 2.332345 1.16712,0 177.7469 0,0.6000447 -2.209345 0.5537953,0 2.253088 0,83.00966
2355.203,163,2344.809,553.7966,1,Lab_FBIOut,0,asynchroneous,0,16,3,4,10000,-0.07853553 2.313835 1.192469,17.04175 176.906 178.2038,-0.07598724 2.332345 1.16712,0 177.7469 0,0.6000447 -2.209345 0.5537953,0 2.253088 0,83.56002
2367.114,164,2355.624,565.7095,1,Lab_FBIOut,0,asynchroneous,0,16,3,4,10000,-0.07831895 2.313542 1.19305,17.3658 176.8158 178.0856,-0.07598724 2.332345 1.16712,0 177.7469 0,0.6000447 -2.209345 0.5537953,0 2.253088 0,83.57108
2377.919,165,2367.635,576.5111,1,Lab_FBIOut,0,asynchroneous,0,16,3,4,10000,-0.07804769 2.31329 1.193565,17.64785 176.6711 177.9652,-0.07598724 2.332345 1.16712,0 177.7469 0,0.6000447 -2.209345 0.5537953,0 2.253088 0,83.46814
2388.829,166,2378.354,587.4215,1,Lab_FBIOut,0,asynchroneous,0,16,3,4,10000,-0.07782295 2.313053 1.194054,17.91627 176.5621 177.8543,-0.07598724 2.332345 1.16712,0 177.7469 0,0.6000447 -2.209345 0.5537953,0 2.253088 0,83.58344
2399.922,167,2389.265,598.5169,1,Lab_FBIOut,0,asynchroneous,0,16,3,4,10000,-0.07758607 2.312832 1.19452,18.17073 176.466 177.7261,-0.07598724 2.332345 1.16712,0 177.7469 0,0.6000447 -2.209345 0.5537953,0 2.253088 0,84.17716
2411.332,168,2400.407,609.9246,1,Lab_FBIOut,0,asynchroneous,0,16,3,4,10000,-0.07734847 2.312643 1.194928,18.3924 176.4008 177.5795,-0.07598724 2.332345 1.16712,0 177.7469 0,0.6000447 -2.209345 0.5537953,0 2.253088 0,84.12633
2422.13,169,2411.744,620.7237,1,Lab_FBIOut,0,asynchroneous,0,16,3,4,10000,-0.07708289 2.312467 1.195319,18.60408 176.349 177.4045,-0.07598724 2.332345 1.16712,0 177.7469 0,0.6000447 -2.209345 0.5537953,0 2.253088 0,84.11911
2433.479,170,2422.56,632.0722,1,Lab_FBIOut,0,asynchroneous,0,16,3,4,10000,-0.07681045 2.312292 1.195712,18.81565 176.2812 177.234,-0.07598724 2.332345 1.16712,0 177.7469 0,0.6000447 -2.209345 0.5537953,0 2.253088 0,84.22406
2455.681,171,2433.903,654.2762,1,Lab_FBIOut,0,asynchroneous,0,16,3,4,10000,-0.07654358 2.312154 1.196033,18.9879 176.2514 177.0466,-0.07598724 2.332345 1.16712,0 177.7469 0,0.6000447 -2.209345 0.5537953,0 2.253088 0,84.74877
2466.688,172,2456.359,665.2834,1,Lab_FBIOut,0,asynchroneous,0,16,3,4,10000,-0.07594225 2.311797 1.196872,19.43373 176.0687 176.6887,-0.07598724 2.332345 1.16712,0 177.7469 0,0.6000447 -2.209345 0.5537953,0 2.253088 0,84.11481
2477.723,173,2467.183,676.3172,1,Lab_FBIOut,0,asynchroneous,0,16,3,4,10000,-0.07562727 2.311604 1.197334,19.67753 175.9572 176.5081,-0.07598724 2.332345 1.16712,0 177.7469 0,0.6000447 -2.209345 0.5537953,0 2.253088 0,84.0872
2488.529,174,2478.185,687.1211,1,Lab_FBIOut,0,asynchroneous,0,16,3,4,10000,-0.07533827 2.311421 1.197776,19.91204 175.8762 176.3276,-0.07598724 2.332345 1.16712,0 177.7469 0,0.6000447 -2.209345 0.5537953,0 2.253088 0,84.16573
2500.066,175,2488.974,698.665,1,Lab_FBIOut,0,asynchroneous,0,16,3,4,10000,-0.07498502 2.311213 1.198293,20.18377 175.7535 176.1211,-0.07598724 2.332345 1.16712,0 177.7469 0,0.6000447 -2.209345 0.5537953,0 2.253088 0,84.77259
2510.722,176,2500.562,709.3145,1,Lab_FBIOut,0,asynchroneous,0,16,3,4,10000,-0.07465201 2.310985 1.198856,20.4787 175.606 175.9396,-0.07598724 2.332345 1.16712,0 177.7469 0,0.6000447 -2.209345 0.5537953,0 2.253088 0,84.72251
2521.743,177,2511.148,720.3362,1,Lab_FBIOut,0,asynchroneous,0,16,3,4,10000,-0.07432878 2.310769 1.199406,20.76462 175.4543 175.7664,-0.07598724 2.332345 1.16712,0 177.7469 0,0.6000447 -2.209345 0.5537953,0 2.253088 0,84.75352
2533.583,178,2522.219,732.1763,1,Lab_FBIOut,0,asynchroneous,0,16,3,4,10000,-0.07398369 2.310547 1.19998,21.062 175.295 175.5785,-0.07598724 2.332345 1.16712,0 177.7469 0,0.6000447 -2.209345 0.5537953,0 2.253088 0,84.82716
2544.015,179,2534.016,742.6106,1,Lab_FBIOut,0,asynchroneous,0,16,3,4,10000,-0.07364057 2.310327 1.20056,21.36411 175.1699 175.3698,-0.07598724 2.332345 1.16712,0 177.7469 0,0.6000447 -2.209345 0.5537953,0 2.253088 0,85.30519
2554.66,180,2544.498,753.2538,1,Lab_FBIOut,0,asynchroneous,0,16,3,4,10000,-0.07327788 2.310114 1.201142,21.66582 175.0573 175.1384,-0.07598724 2.332345 1.16712,0 177.7469 0,0.6000447 -2.209345 0.5537953,0 2.253088 0,85.38066
2565.729,181,2555.063,764.3241,1,Lab_FBIOut,0,asynchroneous,0,16,3,4,10000,-0.07282854 2.309902 1.201755,21.9767 174.8883 174.8727,-0.07598724 2.332345 1.16712,0 177.7469 0,0.6000447 -2.209345 0.5537953,0 2.253088 0,85.454
2576.735,182,2566.169,775.3273,1,Lab_FBIOut,0,asynchroneous,0,16,3,4,10000,-0.07238461 2.309679 1.202407,22.30695 174.71 174.6108,-0.07598724 2.332345 1.16712,0 177.7469 0,0.6000447 -2.209345 0.5537953,0 2.253088 0,85.51322
2587.649,183,2577.214,786.2444,1,Lab_FBIOut,0,asynchroneous,0,16,3,4,10000,-0.07194559 2.309462 1.203059,22.63836 174.5616 174.3335,-0.07598724 2.332345 1.16712,0 177.7469 0,0.6000447 -2.209345 0.5537953,0 2.253088 0,86.06424
2599.284,184,2588.225,797.8758,1,Lab_FBIOut,0,asynchroneous,0,16,3,4,10000,-0.0714993 2.309255 1.203703,22.96287 174.4023 174.0549,-0.07598724 2.332345 1.16712,0 177.7469 0,0.6000447 -2.209345 0.5537953,0 2.253088 0,86.08644
2610.123,185,2599.858,808.7182,1,Lab_FBIOut,0,asynchroneous,0,16,3,4,10000,-0.07107778 2.309074 1.204291,23.25403 174.2278 173.8039,-0.07598724 2.332345 1.16712,0 177.7469 0,0.6000447 -2.209345 0.5537953,0 2.253088 0,86.01163
2621.357,186,2610.568,819.9502,1,Lab_FBIOut,0,asynchroneous,0,16,3,4,10000,-0.07067253 2.30892 1.204817,23.51252 174.0688 173.5584,-0.07598724 2.332345 1.16712,0 177.7469 0,0.6000447 -2.209345 0.5537953,0 2.253088 0,86.08205
2632.243,187,2621.811,830.8356,1,Lab_FBIOut,0,asynchroneous,0,16,3,4,10000,-0.07028988 2.308776 1.20532,23.75825 173.9118 173.328,-0.07598724 2.332345 1.16712,0 177.7469 0,0.6000447 -2.209345 0.5537953,0 2.253088 0,86.11678
2642.849,188,2632.719,841.4413,1,Lab_FBIOut,0,asynchroneous,0,16,3,4,10000,-0.06997481 2.308615 1.205855,24.02472 173.7752 173.1311,-0.07598724 2.332345 1.16712,0 177.7469 0,0.6000447 -2.209345 0.5537953,0 2.253088 0,86.67802
2654.461,189,2643.377,853.0537,1,Lab_FBIOut,0,asynchroneous,0,16,3,4,10000,-0.06965431 2.308416 1.206503,24.35123 173.6289 172.9244,-0.07598724 2.332345 1.16712,0 177.7469 0,0.6000447 -2.209345 0.5537953,0 2.253088 0,86.72237
2665.364,190,2654.938,863.9577,1,Lab_FBIOut,0,asynchroneous,0,16,3,4,10000,-0.06931387 2.308216 1.207181,24.68992 173.4727 172.7037,-0.07598724 2.332345 1.16712,0 177.7469 0,0.6000447 -2.209345 0.5537953,0 2.253088 0,86.59563
2676.054,191,2665.807,874.6453,1,Lab_FBIOut,0,asynchroneous,0,16,3,4,10000,-0.06900331 2.307967 1.207999,25.10624 173.3249 172.4859,-0.07598724 2.332345 1.16712,0 177.7469 0,0.6000447 -2.209345 0.5537953,0 2.253088 0,86.65627
2687.304,192,2676.656,885.8982,1,Lab_FBIOut,0,asynchroneous,0,16,3,4,10000,-0.06864735 2.307732 1.208819,25.51965 173.1713 172.2352,-0.07598724 2.332345 1.16712,0 177.7469 0,0.6000447 -2.209345 0.5537953,0 2.253088 0,87.24615
2698.742,193,2687.737,897.3359,1,Lab_FBIOut,0,asynchroneous,0,16,3,4,10000,-0.06831379 2.30749 1.209673,25.94989 173.0119 171.9973,-0.07598724 2.332345 1.16712,0 177.7469 0,0.6000447 -2.209345 0.5537953,0 2.253088 0,87.23193
2709.338,194,2699.239,907.9301,1,Lab_FBIOut,0,asynchroneous,0,16,3,4,10000,-0.06798306 2.307267 1.210496,26.36154 172.8524 171.761,-0.07598724 2.332345 1.16712,0 177.7469 0,0.6000447 -2.209345 0.5537953,0 2.253088 0,87.11011
2720.535,195,2709.818,919.1287,1,Lab_FBIOut,0,asynchroneous,0,16,3,4,10000,-0.06756454 2.307064 1.211319,26.76921 172.6863 171.4612,-0.07598724 2.332345 1.16712,0 177.7469 0,0.6000447 -2.209345 0.5537953,0 2.253088 0,87.19608
2732.104,196,2721.019,930.6984,1,Lab_FBIOut,0,asynchroneous,0,16,3,4,10000,-0.06715069 2.306897 1.212056,27.13053 172.531 171.1648,-0.07598724 2.332345 1.16712,0 177.7469 0,0.6000447 -2.209345 0.5537953,0 2.253088 0,87.73135
2742.191,197,2732.566,940.7831,1,Lab_FBIOut,0,asynchroneous,0,16,3,4,10000,-0.06672984 2.306756 1.21273,27.45303 172.351 170.8775,-0.07598724 2.332345 1.16712,0 177.7469 0,0.6000447 -2.209345 0.5537953,0 2.253088 0,87.61182
2753.442,198,2742.729,952.0333,1,Lab_FBIOut,0,asynchroneous,0,16,3,4,10000,-0.06633569 2.306614 1.213411,27.77663 172.1527 170.6136,-0.07598724 2.332345 1.16712,0 177.7469 0,0.6000447 -2.209345 0.5537953,0 2.253088 0,87.725
2765.211,199,2753.93,963.8049,1,Lab_FBIOut,0,asynchroneous,0,16,3,4,10000,-0.06597424 2.30645 1.214173,28.13717 171.912 170.3797,-0.07598724 2.332345 1.16712,0 177.7469 0,0.6000447 -2.209345 0.5537953,0 2.253088 0,87.6827
2776.015,200,2765.789,974.6087,1,Lab_FBIOut,0,asynchroneous,0,16,3,4,10000,-0.06570778 2.30623 1.2151,28.59046 171.6934 170.1833,-0.07598724 2.332345 1.16712,0 177.7469 0,0.6000447 -2.209345 0.5537953,0 2.253088 0,87.65423
2786.242,201,2776.605,984.8336,1,Lab_FBIOut,0,asynchroneous,0,16,3,4,10000,-0.06542888 2.305977 1.21619,29.12895 171.4735 169.9561,-0.07598724 2.332345 1.16712,0 177.7469 0,0.6000447 -2.209345 0.5537953,0 2.253088 0,88.20607
2798.567,202,2786.693,997.1608,1,Lab_FBIOut,0,asynchroneous,0,16,3,4,10000,-0.06515628 2.305723 1.217327,29.69212 171.2635 169.7185,-0.07598724 2.332345 1.16712,0 177.7469 0,0.6000447 -2.209345 0.5537953,0 2.253088 0,88.32703
2808.9,203,2799.105,1007.492,1,Lab_FBIOut,0,asynchroneous,0,16,3,4,10000,-0.06486374 2.305502 1.2184,30.21864 171.0519 169.4686,-0.07598724 2.332345 1.16712,0 177.7469 0,0.6000447 -2.209345 0.5537953,0 2.253088 0,88.23708
2820.321,204,2809.24,1018.919,1,Lab_FBIOut,0,asynchroneous,0,16,3,4,10000,-0.06454136 2.305289 1.219512,30.76043 170.8258 169.1926,-0.07598724 2.332345 1.16712,0 177.7469 0,0.6000447 -2.209345 0.5537953,0 2.253088 0,88.35425
2831.089,205,2820.929,1029.683,1,Lab_FBIOut,0,asynchroneous,0,16,3,4,10000,-0.06426844 2.305108 1.220499,31.24432 170.6466 168.9444,-0.07598724 2.332345 1.16712,0 177.7469 0,0.6000447 -2.209345 0.5537953,0 2.253088 0,88.33969
2841.837,206,2831.479,1040.429,1,Lab_FBIOut,0,asynchroneous,0,16,3,4,10000,-0.06403518 2.304977 1.221268,31.62288 170.5245 168.727,-0.07598724 2.332345 1.16712,0 177.7469 0,0.6000447 -2.209345 0.5537953,0 2.253088 0,88.83707
2853.01,207,2842.295,1051.612,1,Lab_FBIOut,0,asynchroneous,0,16,3,4,10000,-0.06380413 2.304866 1.221975,31.96755 170.399 168.5177,-0.07598724 2.332345 1.16712,0 177.7469 0,0.6000447 -2.209345 0.5537953,0 2.253088 0,88.8821
2863.997,208,2853.427,1062.593,1,Lab_FBIOut,0,asynchroneous,0,16,3,4,10000,-0.06361267 2.304833 1.222296,32.11658 170.3153 168.3684,-0.07598724 2.332345 1.16712,0 177.7469 0,0.6000447 -2.209345 0.5537953,0 2.253088 0,88.92276
2887.444,209,2876.982,23.216,2,Lab_Idle,0,asynchroneous,0,16,0,0,10000,-0.06360872 2.305023 1.221417,31.66337 170.3808 168.4511,-0.07598724 2.332345 1.16712,0 177.7469 0,0.6000447 -2.209345 0.5537953,0 2.253088 0,88.88528
2897.65,210,2887.887,33.4249,2,Lab_Idle,0,asynchroneous,0,16,0,0,10000,-0.06333444 2.30508 1.221389,31.61664 170.2503 168.3018,-0.07598724 2.332345 1.16712,0 177.7469 0,0.6000447 -2.209345 0.5537953,0 2.253088 0,88.81054
2909.115,211,2898.089,44.8868,2,Lab_Idle,0,asynchroneous,0,16,0,0,10000,-0.06335907 2.305339 1.220227,31.0146 170.3255 168.4365,-0.07598724 2.332345 1.16712,0 177.7469 0,0.6000447 -2.209345 0.5537953,0 2.253088 0,88.88863
2920.639,212,2909.661,56.4195,2,Lab_Idle,0,asynchroneous,0,16,0,0,10000,-0.06348189 2.305647 1.218836,30.30718 170.4798 168.6377,-0.07598724 2.332345 1.16712,0 177.7469 0,0.6000447 -2.209345 0.5537953,0 2.253088 0,88.91192
2931.65,213,2921.099,67.4239,2,Lab_Idle,0,asynchroneous,0,16,0,0,10000,-0.06366786 2.305984 1.217358,29.56068 170.6756 168.873,-0.07598724 2.332345 1.16712,0 177.7469 0,0.6000447 -2.209345 0.5537953,0 2.253088 0,88.87148
2942.278,214,2932.096,78.049,2,Lab_Idle,0,asynchroneous,0,16,0,0,10000,-0.0639272 2.306301 1.215988,28.87247 170.8766 169.1395,-0.07598724 2.332345 1.16712,0 177.7469 0,0.6000447 -2.209345 0.5537953,0 2.253088 0,88.86484
2953.326,215,2942.692,89.1025,2,Lab_Idle,0,asynchroneous,0,16,0,0,10000,-0.0641162 2.306558 1.214937,28.34399 171.0377 169.3291,-0.07598724 2.332345 1.16712,0 177.7469 0,0.6000447 -2.209345 0.5537953,0 2.253088 0,88.9616
2965.312,216,2953.618,101.0967,2,Lab_Idle,0,asynchroneous,0,16,0,0,10000,-0.06438825 2.306801 1.21392,27.84747 171.2721 169.5388,-0.07598724 2.332345 1.16712,0 177.7469 0,0.6000447 -2.209345 0.5537953,0 2.253088 0,88.97254
2975.656,217,2966.009,111.4296,2,Lab_Idle,0,asynchroneous,0,16,0,0,10000,-0.06460077 2.307005 1.213104,27.44969 171.4782 169.6911,-0.07598724 2.332345 1.16712,0 177.7469 0,0.6000447 -2.209345 0.5537953,0 2.253088 0,88.78974
2986.624,218,2976.086,122.3961,2,Lab_Idle,0,asynchroneous,0,16,0,0,10000,-0.06473241 2.307178 1.21246,27.1314 171.6234 169.7901,-0.07598724 2.332345 1.16712,0 177.7469 0,0.6000447 -2.209345 0.5537953,0 2.253088 0,88.93
2997.844,219,2986.926,133.6177,2,Lab_Idle,0,asynchroneous,0,16,0,0,10000,-0.0648563 2.307337 1.211878,26.84091 171.7419 169.8871,-0.07598724 2.332345 1.16712,0 177.7469 0,0.6000447 -2.209345 0.5537953,0 2.253088 0,88.90818
3009.465,220,2998.364,145.2397,2,Lab_Idle,0,asynchroneous,0,16,0,0,10000,-0.06494087 2.307449 1.211478,26.64135 171.8265 169.9509,-0.07598724 2.332345 1.16712,0 177.7469 0,0.6000447 -2.209345 0.5537953,0 2.253088 0,88.90796
3020.312,221,3009.873,156.0849,2,Lab_Idle,0,asynchroneous,0,16,0,0,10000,-0.06496528 2.30754 1.211179,26.48741 171.868 169.9801,-0.07598724 2.332345 1.16712,0 177.7469 0,0.6000447 -2.209345 0.5537953,0 2.253088 0,89.38474
3031.762,222,3020.712,167.536,2,Lab_Idle,0,asynchroneous,0,16,0,0,10000,-0.06498398 2.307619 1.210924,26.35522 171.8979 170.0059,-0.07598724 2.332345 1.16712,0 177.7469 0,0.6000447 -2.209345 0.5537953,0 2.253088 0,89.36987
3042.099,223,3032.235,177.8704,2,Lab_Idle,0,asynchroneous,0,16,0,0,10000,-0.06495728 2.307726 1.210609,26.18707 171.9173 170.0098,-0.07598724 2.332345 1.16712,0 177.7469 0,0.6000447 -2.209345 0.5537953,0 2.253088 0,89.29861
3053.429,224,3042.388,189.2005,2,Lab_Idle,0,asynchroneous,0,16,0,0,10000,-0.06492887 2.307867 1.210195,25.96558 171.9394 170.0212,-0.07598724 2.332345 1.16712,0 177.7469 0,0.6000447 -2.209345 0.5537953,0 2.253088 0,89.44365
3064.877,225,3053.885,200.6521,2,Lab_Idle,0,asynchroneous,0,16,0,0,10000,-0.0648454 2.308031 1.209753,25.72151 171.9313 170.0101,-0.07598724 2.332345 1.16712,0 177.7469 0,0.6000447 -2.209345 0.5537953,0 2.253088 0,89.41792
3075.273,226,3065.364,211.0447,2,Lab_Idle,0,asynchroneous,0,16,0,0,10000,-0.06482633 2.308248 1.209123,25.38409 171.9664 170.0435,-0.07598724 2.332345 1.16712,0 177.7469 0,0.6000447 -2.209345 0.5537953,0 2.253088 0,89.34171
3086.265,227,3075.551,222.0389,2,Lab_Idle,0,asynchroneous,0,16,0,0,10000,-0.06483031 2.308484 1.20844,25.0222 172.0247 170.0867,-0.07598724 2.332345 1.16712,0 177.7469 0,0.6000447 -2.209345 0.5537953,0 2.253088 0,89.43999
3098.569,228,3086.952,234.3415,2,Lab_Idle,0,asynchroneous,0,16,0,0,10000,-0.0648851 2.308795 1.207535,24.54347 172.1091 170.1747,-0.07598724 2.332345 1.16712,0 177.7469 0,0.6000447 -2.209345 0.5537953,0 2.253088 0,89.44483
3109.651,229,3099.036,245.4242,2,Lab_Idle,0,asynchroneous,0,16,0,0,10000,-0.06497367 2.309172 1.206462,23.97951 172.2353 170.2798,-0.07598724 2.332345 1.16712,0 177.7469 0,0.6000447 -2.209345 0.5537953,0 2.253088 0,89.30835
3120.297,230,3110.049,256.0707,2,Lab_Idle,0,asynchroneous,0,16,0,0,10000,-0.06508425 2.30962 1.205225,23.328 172.3888 170.3985,-0.07598724 2.332345 1.16712,0 177.7469 0,0.6000447 -2.209345 0.5537953,0 2.253088 0,89.34454
3131.682,231,3120.709,267.457,2,Lab_Idle,0,asynchroneous,0,16,0,0,10000,-0.06521404 2.310115 1.203902,22.62936 172.5588 170.5255,-0.07598724 2.332345 1.16712,0 177.7469 0,0.6000447 -2.209345 0.5537953,0 2.253088 0,89.39989
3142.039,232,3132.117,277.8097,2,Lab_Idle,0,asynchroneous,0,16,0,0,10000,-0.06536204 2.310579 1.202695,21.9896 172.7113 170.6592,-0.07598724 2.332345 1.16712,0 177.7469 0,0.6000447 -2.209345 0.5537953,0 2.253088 0,89.3842
3153.253,233,3142.322,289.0264,2,Lab_Idle,0,asynchroneous,0,16,0,0,10000,-0.06555397 2.31114 1.201282,21.23541 172.8794 170.8296,-0.07598724 2.332345 1.16712,0 177.7469 0,0.6000447 -2.209345 0.5537953,0 2.253088 0,89.46563
3164.707,234,3153.662,300.4823,2,Lab_Idle,0,asynchroneous,0,16,0,0,10000,-0.06576382 2.311697 1.19992,20.50473 173.0405 171.0066,-0.07598724 2.332345 1.16712,0 177.7469 0,0.6000447 -2.209345 0.5537953,0 2.253088 0,89.40182
3175.041,235,3165.233,310.8118,2,Lab_Idle,0,asynchroneous,0,16,0,0,10000,-0.06596022 2.312229 1.198666,19.8243 173.1608 171.1844,-0.07598724 2.332345 1.16712,0 177.7469 0,0.6000447 -2.209345 0.5537953,0 2.253088 0,89.34905
3186.195,236,3175.315,321.9698,2,Lab_Idle,0,asynchroneous,0,16,0,0,10000,-0.06609878 2.312728 1.197544,19.20834 173.2496 171.3252,-0.07598724 2.332345 1.16712,0 177.7469 0,0.6000447 -2.209345 0.5537953,0 2.253088 0,89.44376
3198.694,237,3186.616,334.4717,2,Lab_Idle,0,asynchroneous,0,16,0,0,10000,-0.06624226 2.313158 1.196593,18.68727 173.3454 171.4483,-0.07598724 2.332345 1.16712,0 177.7469 0,0.6000447 -2.209345 0.5537953,0 2.253088 0,89.50405
3209.22,238,3199.306,344.9932,2,Lab_Idle,0,asynchroneous,0,16,0,0,10000,-0.06628413 2.313499 1.195879,18.29062 173.404 171.5005,-0.07598724 2.332345 1.16712,0 177.7469 0,0.6000447 -2.209345 0.5537953,0 2.253088 0,89.31553
3220.592,239,3209.651,356.3666,2,Lab_Idle,0,asynchroneous,0,16,0,0,10000,-0.06628501 2.313735 1.195405,18.02471 173.4411 171.5164,-0.07598724 2.332345 1.16712,0 177.7469 0,0.6000447 -2.209345 0.5537953,0 2.253088 0,89.41112
3231.56,240,3221.053,367.3336,2,Lab_Idle,0,asynchroneous,0,16,0,0,10000,-0.06627992 2.313882 1.195112,17.86274 173.4822 171.51,-0.07598724 2.332345 1.16712,0 177.7469 0,0.6000447 -2.209345 0.5537953,0 2.253088 0,89.36763
3242.245,241,3232.081,378.017,2,Lab_Idle,0,asynchroneous,0,16,0,0,10000,-0.0663152 2.314054 1.19476,17.67014 173.5382 171.5274,-0.07598724 2.332345 1.16712,0 177.7469 0,0.6000447 -2.209345 0.5537953,0 2.253088 0,89.41859
3253.298,242,3242.832,389.0715,2,Lab_Idle,0,asynchroneous,0,16,0,0,10000,-0.06632644 2.314087 1.19469,17.6393 173.5995 171.5006,-0.07598724 2.332345 1.16712,0 177.7469 0,0.6000447 -2.209345 0.5537953,0 2.253088 0,89.40261
3264.682,243,3253.616,400.4566,2,Lab_Idle,0,asynchroneous,0,16,0,0,10000,-0.06634547 2.314092 1.194674,17.63655 173.6403 171.4887,-0.07598724 2.332345 1.16712,0 177.7469 0,0.6000447 -2.209345 0.5537953,0 2.253088 0,89.40965
3275.076,244,3265.189,410.8469,2,Lab_Idle,0,asynchroneous,0,16,0,0,10000,-0.06639358 2.314085 1.194671,17.6406 173.67 171.5039,-0.07598724 2.332345 1.16712,0 177.7469 0,0.6000447 -2.209345 0.5537953,0 2.253088 0,89.37521
3286.097,245,3275.354,421.8764,2,Lab_Idle,0,asynchroneous,0,16,0,0,10000,-0.06640853 2.31413 1.194577,17.59032 173.6898 171.509,-0.07598724 2.332345 1.16712,0 177.7469 0,0.6000447 -2.209345 0.5537953,0 2.253088 0,89.52042
3298.721,246,3286.61,434.4957,2,Lab_Idle,0,asynchroneous,0,16,0,0,10000,-0.0664046 2.314111 1.194617,17.61497 173.7037 171.4939,-0.07598724 2.332345 1.16712,0 177.7469 0,0.6000447 -2.209345 0.5537953,0 2.253088 0,89.48338
3309.237,247,3299.212,445.0082,2,Lab_Idle,0,asynchroneous,0,16,0,0,10000,-0.06633217 2.314094 1.194675,17.64355 173.6899 171.4463,-0.07598724 2.332345 1.16712,0 177.7469 0,0.6000447 -2.209345 0.5537953,0 2.253088 0,89.33513
3320.311,248,3309.627,456.0838,2,Lab_Idle,0,asynchroneous,0,16,0,0,10000,-0.06625766 2.314085 1.194719,17.66375 173.674 171.3996,-0.07598724 2.332345 1.16712,0 177.7469 0,0.6000447 -2.209345 0.5537953,0 2.253088 0,89.43716
3331.487,249,3320.688,467.2595,2,Lab_Idle,0,asynchroneous,0,16,0,0,10000,-0.06620105 2.314084 1.194742,17.6729 173.6624 171.3647,-0.07598724 2.332345 1.16712,0 177.7469 0,0.6000447 -2.209345 0.5537953,0 2.253088 0,89.41584
3342.353,250,3331.877,478.1293,2,Lab_Idle,0,asynchroneous,0,16,0,0,10000,-0.06614344 2.314116 1.194697,17.64457 173.6578 171.3298,-0.07598724 2.332345 1.16712,0 177.7469 0,0.6000447 -2.209345 0.5537953,0 2.253088 0,89.4108
3353.132,251,3342.843,488.9043,2,Lab_Idle,0,asynchroneous,0,16,0,0,10000,-0.0661471 2.31414 1.194651,17.61748 173.6531 171.3392,-0.07598724 2.332345 1.16712,0 177.7469 0,0.6000447 -2.209345 0.5537953,0 2.253088 0,89.41294
3364.631,252,3353.553,500.4037,2,Lab_Idle,0,asynchroneous,0,16,0,0,10000,-0.06614135 2.314185 1.194563,17.57076 173.6792 171.3248,-0.07598724 2.332345 1.16712,0 177.7469 0,0.6000447 -2.209345 0.5537953,0 2.253088 0,89.48304
3375.145,253,3365.086,510.9171,2,Lab_Idle,0,asynchroneous,0,16,0,0,10000,-0.066209 2.314208 1.194494,17.53804 173.7095 171.3589,-0.07598724 2.332345 1.16712,0 177.7469 0,0.6000447 -2.209345 0.5537953,0 2.253088 0,89.41968
3386.282,254,3375.498,522.0559,2,Lab_Idle,0,asynchroneous,0,16,0,0,10000,-0.06621403 2.314244 1.194422,17.49971 173.7328 171.3529,-0.07598724 2.332345 1.16712,0 177.7469 0,0.6000447 -2.209345 0.5537953,0 2.253088 0,89.54604
3397.633,255,3386.931,533.4047,2,Lab_Idle,0,asynchroneous,0,16,0,0,10000,-0.06625482 2.31428 1.194337,17.45994 173.7828 171.3557,-0.07598724 2.332345 1.16712,0 177.7469 0,0.6000447 -2.209345 0.5537953,0 2.253088 0,89.50588
3409.528,256,3398.144,545.3023,2,Lab_Idle,0,asynchroneous,0,16,0,0,10000,-0.06629296 2.314312 1.194262,17.42161 173.8092 171.3715,-0.07598724 2.332345 1.16712,0 177.7469 0,0.6000447 -2.209345 0.5537953,0 2.253088 0,89.47197
3420.304,257,3409.939,556.0871,2,Lab_Idle,0,asynchroneous,0,16,0,0,10000,-0.06630854 2.314345 1.194192,17.38622 173.8385 171.3686,-0.07598724 2.332345 1.16712,0 177.7469 0,0.6000447 -2.209345 0.5537953,0 2.253088 0,89.40647
3432.119,258,3420.703,567.8943,2,Lab_Idle,0,asynchroneous,0,16,0,0,10000,-0.06636748 2.314392 1.194081,17.33021 173.8769 171.3941,-0.07598724 2.332345 1.16712,0 177.7469 0,0.6000447 -2.209345 0.5537953,0 2.253088 0,89.46076
3442.392,259,3432.704,578.1653,2,Lab_Idle,0,asynchroneous,0,16,0,0,10000,-0.06638189 2.314458 1.193948,17.25952 173.9165 171.3882,-0.07598724 2.332345 1.16712,0 177.7469 0,0.6000447 -2.209345 0.5537953,0 2.253088 0,89.36826
3453.135,260,3442.765,588.9071,2,Lab_Idle,0,asynchroneous,0,16,0,0,10000,-0.06636618 2.31457 1.193737,17.13905 173.929 171.3847,-0.07598724 2.332345 1.16712,0 177.7469 0,0.6000447 -2.209345 0.5537953,0 2.253088 0,89.47729
3464.798,261,3453.437,600.5759,2,Lab_Idle,0,asynchroneous,0,16,0,0,10000,-0.06635787 2.314697 1.193498,17.00403 173.9516 171.3818,-0.07598724 2.332345 1.16712,0 177.7469 0,0.6000447 -2.209345 0.5537953,0 2.253088 0,89.51733
3475.257,262,3465.422,611.0305,2,Lab_Idle,0,asynchroneous,0,16,0,0,10000,-0.06637692 2.31485 1.193199,16.83731 173.9895 171.3926,-0.07598724 2.332345 1.16712,0 177.7469 0,0.6000447 -2.209345 0.5537953,0 2.253088 0,89.96487
3486.72,263,3475.7,622.4968,2,Lab_Idle,0,asynchroneous,0,16,0,0,10000,-0.06636958 2.31498 1.192957,16.69814 173.9984 171.3996,-0.07598724 2.332345 1.16712,0 177.7469 0,0.6000447 -2.209345 0.5537953,0 2.253088 0,90.00945
3497.941,264,3487.227,633.7252,2,Lab_Idle,0,asynchroneous,0,16,0,0,10000,-0.06638809 2.315114 1.192697,16.55138 174.0225 171.4162,-0.07598724 2.332345 1.16712,0 177.7469 0,0.6000447 -2.209345 0.5537953,0 2.253088 0,89.97584
3509.358,265,3498.535,645.1296,2,Lab_Idle,0,asynchroneous,0,16,0,0,10000,-0.06641102 2.315234 1.192466,16.42215 174.0501 171.4311,-0.07598724 2.332345 1.16712,0 177.7469 0,0.6000447 -2.209345 0.5537953,0 2.253088 0,89.93317
3520.52,266,3509.714,656.294,2,Lab_Idle,0,asynchroneous,0,16,0,0,10000,-0.06639146 2.31535 1.192257,16.30066 174.0583 171.4271,-0.07598724 2.332345 1.16712,0 177.7469 0,0.6000447 -2.209345 0.5537953,0 2.253088 0,89.95238
3531.936,267,3520.918,667.712,2,Lab_Idle,0,asynchroneous,0,16,0,0,10000,-0.06638195 2.315448 1.192079,16.19949 174.0775 171.4203,-0.07598724 2.332345 1.16712,0 177.7469 0,0.6000447 -2.209345 0.5537953,0 2.253088 0,89.90063
3542.613,268,3532.363,678.3849,2,Lab_Idle,0,asynchroneous,0,16,0,0,10000,-0.06638153 2.315538 1.191912,16.10385 174.088 171.4252,-0.07598724 2.332345 1.16712,0 177.7469 0,0.6000447 -2.209345 0.5537953,0 2.253088 0,89.8639
3553.266,269,3542.96,689.0373,2,Lab_Idle,0,asynchroneous,0,16,0,0,10000,-0.0663651 2.315603 1.191798,16.03668 174.0855 171.4236,-0.07598724 2.332345 1.16712,0 177.7469 0,0.6000447 -2.209345 0.5537953,0 2.253088 0,89.96799
3564.38,270,3553.631,700.1571,2,Lab_Idle,0,asynchroneous,0,16,0,0,10000,-0.06638432 2.315651 1.191705,15.9835 174.0914 171.4403,-0.07598724 2.332345 1.16712,0 177.7469 0,0.6000447 -2.209345 0.5537953,0 2.253088 0,89.94599
3575.494,271,3564.839,711.2714,2,Lab_Idle,0,asynchroneous,0,16,0,0,10000,-0.06639779 2.315661 1.191682,15.97196 174.0993 171.4462,-0.07598724 2.332345 1.16712,0 177.7469 0,0.6000447 -2.209345 0.5537953,0 2.253088 0,89.89835
3586.435,272,3575.929,722.2058,2,Lab_Idle,0,asynchroneous,0,16,0,0,10000,-0.06639075 2.315673 1.191661,15.95753 174.0865 171.4516,-0.07598724 2.332345 1.16712,0 177.7469 0,0.6000447 -2.209345 0.5537953,0 2.253088 0,89.89501
3597.643,273,3586.799,733.4178,2,Lab_Idle,0,asynchroneous,0,16,0,0,10000,-0.06640251 2.315645 1.19171,15.98611 174.0817 171.4597,-0.07598724 2.332345 1.16712,0 177.7469 0,0.6000447 -2.209345 0.5537953,0 2.253088 0,89.90359
3609.412,274,3598.11,745.1837,2,Lab_Idle,0,asynchroneous,0,16,0,0,10000,-0.06640786 2.315602 1.191787,16.03179 174.0874 171.4539,-0.07598724 2.332345 1.16712,0 177.7469 0,0.6000447 -2.209345 0.5537953,0 2.253088 0,89.87946
3620.403,275,3609.882,756.1741,2,Lab_Idle,0,asynchroneous,0,16,0,0,10000,-0.06639517 2.315549 1.191888,16.08903 174.0796 171.4426,-0.07598724 2.332345 1.16712,0 177.7469 0,0.6000447 -2.209345 0.5537953,0 2.253088 0,89.86425
3631.83,276,3620.774,767.6081,2,Lab_Idle,0,asynchroneous,0,16,0,0,10000,-0.06642237 2.315502 1.191965,16.13707 174.0938 171.4467,-0.07598724 2.332345 1.16712,0 177.7469 0,0.6000447 -2.209345 0.5537953,0 2.253088 0,89.85403
3642.486,277,3632.328,778.2577,2,Lab_Idle,0,asynchroneous,0,16,0,0,10000,-0.06644657 2.315487 1.191986,16.15185 174.1062 171.4539,-0.07598724 2.332345 1.16712,0 177.7469 0,0.6000447 -2.209345 0.5537953,0 2.253088 0,89.83219
3653.355,278,3642.85,789.1255,2,Lab_Idle,0,asynchroneous,0,16,0,0,10000,-0.06644704 2.315465 1.192025,16.17302 174.0925 171.4608,-0.07598724 2.332345 1.16712,0 177.7469 0,0.6000447 -2.209345 0.5537953,0 2.253088 0,89.85834
3664.524,279,3653.7,800.3021,2,Lab_Idle,0,asynchroneous,0,16,0,0,10000,-0.06645273 2.315462 1.19203,16.17552 174.0911 171.4655,-0.07598724 2.332345 1.16712,0 177.7469 0,0.6000447 -2.209345 0.5537953,0 2.253088 0,89.83185
3675.992,280,3665.047,811.7646,2,Lab_Idle,0,asynchroneous,0,16,0,0,10000,-0.06645778 2.315469 1.192014,16.16776 174.0992 171.4647,-0.07598724 2.332345 1.16712,0 177.7469 0,0.6000447 -2.209345 0.5537953,0 2.253088 0,89.86262
3686.276,281,3676.432,822.0475,2,Lab_Idle,0,asynchroneous,0,16,0,0,10000,-0.06643545 2.315485 1.191994,16.1529 174.0849 171.4601,-0.07598724 2.332345 1.16712,0 177.7469 0,0.6000447 -2.209345 0.5537953,0 2.253088 0,89.81816
3697.871,282,3686.601,833.6473,2,Lab_Idle,0,asynchroneous,0,16,0,0,10000,-0.06642096 2.315497 1.191975,16.13972 174.0732 171.4592,-0.07598724 2.332345 1.16712,0 177.7469 0,0.6000447 -2.209345 0.5537953,0 2.253088 0,89.85991
3709.436,283,3698.758,845.2075,2,Lab_Idle,0,asynchroneous,0,16,0,0,10000,-0.06643035 2.315519 1.191932,16.11542 174.0755 171.4676,-0.07598724 2.332345 1.16712,0 177.7469 0,0.6000447 -2.209345 0.5537953,0 2.253088 0,89.81698
3720.436,284,3709.804,856.2089,2,Lab_Idle,0,asynchroneous,0,16,0,0,10000,-0.0664212 2.315547 1.191883,16.08561 174.0673 171.4703,-0.07598724 2.332345 1.16712,0 177.7469 0,0.6000447 -2.209345 0.5537953,0 2.253088 0,89.82316
3731.953,285,3720.814,867.7311,2,Lab_Idle,0,asynchroneous,0,16,0,0,10000,-0.06643299 2.315581 1.191817,16.04916 174.0787 171.4758,-0.07598724 2.332345 1.16712,0 177.7469 0,0.6000447 -2.209345 0.5537953,0 2.253088 0,89.78289
3742.451,286,3732.421,878.2226,2,Lab_Idle,0,asynchroneous,0,16,0,0,10000,-0.06644014 2.315639 1.191709,15.9878 174.0907 171.4806,-0.07598724 2.332345 1.16712,0 177.7469 0,0.6000447 -2.209345 0.5537953,0 2.253088 0,89.75798
3753.353,287,3742.858,889.1256,2,Lab_Idle,0,asynchroneous,0,16,0,0,10000,-0.06643934 2.315699 1.1916,15.92495 174.095 171.4852,-0.07598724 2.332345 1.16712,0 177.7469 0,0.6000447 -2.209345 0.5537953,0 2.253088 0,89.85611
3765.018,288,3753.737,900.7932,2,Lab_Idle,0,asynchroneous,0,16,0,0,10000,-0.06645658 2.315786 1.191434,15.8314 174.1118 171.4982,-0.07598724 2.332345 1.16712,0 177.7469 0,0.6000447 -2.209345 0.5537953,0 2.253088 0,89.78569
3775.478,289,3765.757,911.2626,2,Lab_Idle,0,asynchroneous,0,16,0,0,10000,-0.06648298 2.315855 1.1913,15.75622 174.1269 171.5165,-0.07598724 2.332345 1.16712,0 177.7469 0,0.6000447 -2.209345 0.5537953,0 2.253088 0,89.73634
3787.033,290,3775.784,922.8042,2,Lab_Idle,0,asynchroneous,0,16,0,0,10000,-0.06647412 2.315966 1.191103,15.63918 174.1204 171.5294,-0.07598724 2.332345 1.16712,0 177.7469 0,0.6000447 -2.209345 0.5537953,0 2.253088 0,89.86021
3798.334,291,3787.5,934.1102,2,Lab_Idle,0,asynchroneous,0,16,0,0,10000,-0.06648815 2.316097 1.190862,15.49953 174.1243 171.5546,-0.07598724 2.332345 1.16712,0 177.7469 0,0.6000447 -2.209345 0.5537953,0 2.253088 0,89.79143
3809.188,292,3798.83,944.9593,2,Lab_Idle,0,asynchroneous,0,16,0,0,10000,-0.06651802 2.316259 1.190565,15.32664 174.1288 171.595,-0.07598724 2.332345 1.16712,0 177.7469 0,0.6000447 -2.209345 0.5537953,0 2.253088 0,89.6812
3819.72,293,3809.648,955.4939,2,Lab_Idle,0,asynchroneous,0,16,0,0,10000,-0.06658147 2.316427 1.190246,15.14327 174.1382 171.6575,-0.07598724 2.332345 1.16712,0 177.7469 0,0.6000447 -2.209345 0.5537953,0 2.253088 0,89.73287
3831.003,294,3820.058,966.7852,2,Lab_Idle,0,asynchroneous,0,16,0,0,10000,-0.06668501 2.316694 1.189743,14.85766 174.1851 171.7355,-0.07598724 2.332345 1.16712,0 177.7469 0,0.6000447 -2.209345 0.5537953,0 2.253088 0,89.78524
3842.752,295,3831.535,978.5248,2,Lab_Idle,0,asynchroneous,0,16,0,0,10000,-0.06679056 2.31705 1.189096,14.48517 174.2274 171.8282,-0.07598724 2.332345 1.16712,0 177.7469 0,0.6000447 -2.209345 0.5537953,0 2.253088 0,89.76305
3854.044,296,3843.351,989.818,2,Lab_Idle,0,asynchroneous,0,16,0,0,10000,-0.06688432 2.317478 1.188337,14.04365 174.2625 171.9249,-0.07598724 2.332345 1.16712,0 177.7469 0,0.6000447 -2.209345 0.5537953,0 2.253088 0,89.66447
3865.522,297,3854.446,1001.3,2,Lab_Idle,0,asynchroneous,0,16,0,0,10000,-0.06702623 2.317969 1.187474,13.5445 174.3319 172.0376,-0.07598724 2.332345 1.16712,0 177.7469 0,0.6000447 -2.209345 0.5537953,0 2.253088 0,89.66989
3875.765,298,3865.962,1011.537,2,Lab_Idle,0,asynchroneous,0,16,0,0,10000,-0.06717274 2.318442 1.186656,13.06909 174.3936 172.1546,-0.07598724 2.332345 1.16712,0 177.7469 0,0.6000447 -2.209345 0.5537953,0 2.253088 0,89.6393
3886.316,299,3876.144,1022.089,2,Lab_Idle,0,asynchroneous,0,16,0,0,10000,-0.06726867 2.319048 1.185657,12.47841 174.4476 172.2527,-0.07598724 2.332345 1.16712,0 177.7469 0,0.6000447 -2.209345 0.5537953,0 2.253088 0,89.73037
3897.693,300,3886.653,1033.469,2,Lab_Idle,0,asynchroneous,0,16,0,0,10000,-0.06745581 2.319699 1.184585,11.84852 174.5396 172.3903,-0.07598724 2.332345 1.16712,0 177.7469 0,0.6000447 -2.209345 0.5537953,0 2.253088 0,90.2972
3908.512,301,3898.218,1044.288,2,Lab_Idle,0,asynchroneous,0,16,0,0,10000,-0.06767225 2.320443 1.18339,11.14319 174.6563 172.5352,-0.07598724 2.332345 1.16712,0 177.7469 0,0.6000447 -2.209345 0.5537953,0 2.253088 0,90.27182
3920.342,302,3908.948,1056.114,2,Lab_Idle,0,asynchroneous,0,16,0,0,10000,-0.06788316 2.321265 1.182116,10.37791 174.7391 172.7053,-0.07598724 2.332345 1.16712,0 177.7469 0,0.6000447 -2.209345 0.5537953,0 2.253088 0,90.22025
3932.027,303,3920.827,1067.803,2,Lab_Idle,0,asynchroneous,0,16,0,0,10000,-0.06807832 2.32209 1.180876,9.624033 174.7976 172.8793,-0.07598724 2.332345 1.16712,0 177.7469 0,0.6000447 -2.209345 0.5537953,0 2.253088 0,90.18616
3942.423,304,3932.515,1078.2,2,Lab_Idle,0,asynchroneous,0,16,0,0,10000,-0.06829832 2.323132 1.179367,8.695421 174.8693 173.0756,-0.07598724 2.332345 1.16712,0 177.7469 0,0.6000447 -2.209345 0.5537953,0 2.253088 0,90.16556
3953.289,305,3942.789,1089.062,2,Lab_Idle,0,asynchroneous,0,16,0,0,10000,-0.06841924 2.324251 1.177829,7.727624 174.8952 173.2392,-0.07598724 2.332345 1.16712,0 177.7469 0,0.6000447 -2.209345 0.5537953,0 2.253088 0,90.2378
3964.996,306,3953.766,1100.77,2,Lab_Idle,0,asynchroneous,0,16,0,0,10000,-0.06847136 2.325446 1.176261,6.725439 174.9226 173.3531,-0.07598724 2.332345 1.16712,0 177.7469 0,0.6000447 -2.209345 0.5537953,0 2.253088 0,90.2141
3975.59,307,3965.805,1111.366,2,Lab_Idle,0,asynchroneous,0,16,0,0,10000,-0.06849229 2.326569 1.174845,5.804633 174.9279 173.4537,-0.07598724 2.332345 1.16712,0 177.7469 0,0.6000447 -2.209345 0.5537953,0 2.253088 0,90.14203
3986.817,308,3976.239,1122.59,2,Lab_Idle,0,asynchroneous,0,16,0,0,10000,-0.06832656 2.327695 1.173509,4.90895 174.8714 173.4716,-0.07598724 2.332345 1.16712,0 177.7469 0,0.6000447 -2.209345 0.5537953,0 2.253088 0,90.2701
3997.777,309,3987.207,1133.55,2,Lab_Idle,0,asynchroneous,0,16,0,0,10000,-0.06825566 2.328628 1.172422,4.176906 174.8525 173.5085,-0.07598724 2.332345 1.16712,0 177.7469 0,0.6000447 -2.209345 0.5537953,0 2.253088 0,90.18816
4008.754,310,3998.418,1144.527,2,Lab_Idle,0,asynchroneous,0,16,0,0,10000,-0.06826012 2.329359 1.171576,3.611068 174.8879 173.5331,-0.07598724 2.332345 1.16712,0 177.7469 0,0.6000447 -2.209345 0.5537953,0 2.253088 0,90.17216
4020.37,311,4009.306,1156.142,2,Lab_Idle,0,asynchroneous,0,16,0,0,10000,-0.06833018 2.329876 1.170973,3.213569 174.9565 173.557,-0.07598724 2.332345 1.16712,0 177.7469 0,0.6000447 -2.209345 0.5537953,0 2.253088 0,90.19974
4031.757,312,4021.266,1167.54,2,Lab_Idle,0,asynchroneous,0,16,0,0,10000,-0.06841104 2.330354 1.170421,2.847522 175.0148 173.5943,-0.07598724 2.332345 1.16712,0 177.7469 0,0.6000447 -2.209345 0.5537953,0 2.253088 0,90.17814
4042.508,313,4032.443,1178.28,2,Lab_Idle,0,asynchroneous,0,16,0,0,10000,-0.06850053 2.330517 1.170222,2.721357 175.0619 173.6259,-0.07598724 2.332345 1.16712,0 177.7469 0,0.6000447 -2.209345 0.5537953,0 2.253088 0,90.14289
4053.922,314,4043.076,1189.697,2,Lab_Idle,0,asynchroneous,0,16,0,0,10000,-0.06848987 2.330512 1.170229,2.72357 175.0428 173.6361,-0.07598724 2.332345 1.16712,0 177.7469 0,0.6000447 -2.209345 0.5537953,0 2.253088 0,90.14065
4065.054,315,4054.539,1200.829,2,Lab_Idle,0,asynchroneous,0,16,0,0,10000,-0.06847348 2.330393 1.170365,2.813047 175.0189 173.6387,-0.07598724 2.332345 1.16712,0 177.7469 0,0.6000447 -2.209345 0.5537953,0 2.253088 0,90.13525
4075.522,316,4065.845,1211.295,2,Lab_Idle,0,asynchroneous,0,16,0,0,10000,-0.06842643 2.330379 1.170389,2.821197 174.9658 173.6541,-0.07598724 2.332345 1.16712,0 177.7469 0,0.6000447 -2.209345 0.5537953,0 2.253088 0,90.15444
4086.936,317,4076.036,1222.709,2,Lab_Idle,0,asynchroneous,0,16,0,0,10000,-0.06827853 2.330123 1.170706,3.016083 174.8426 173.6452,-0.07598724 2.332345 1.16712,0 177.7469 0,0.6000447 -2.209345 0.5537953,0 2.253088 0,90.22771
4098.336,318,4087.555,1234.111,2,Lab_Idle,0,asynchroneous,0,16,0,0,10000,-0.06814252 2.329859 1.171032,3.216706 174.7212 173.6417,-0.07598724 2.332345 1.16712,0 177.7469 0,0.6000447 -2.209345 0.5537953,0 2.253088 0,90.13689
4108.772,319,4099.359,1244.545,2,Lab_Idle,0,asynchroneous,0,16,0,0,10000,-0.06800682 2.329699 1.171242,3.339948 174.6158 173.63,-0.07598724 2.332345 1.16712,0 177.7469 0,0.6000447 -2.209345 0.5537953,0 2.253088 0,90.08134
4120.373,320,4109.374,1256.145,2,Lab_Idle,0,asynchroneous,0,16,0,0,10000,-0.06774795 2.32931 1.171742,3.643051 174.44 173.5759,-0.07598724 2.332345 1.16712,0 177.7469 0,0.6000447 -2.209345 0.5537953,0 2.253088 0,90.25895
4132.238,321,4120.817,1268.014,2,Lab_Idle,0,asynchroneous,0,16,0,0,10000,-0.0675964 2.329135 1.171977,3.781079 174.3404 173.5442,-0.07598724 2.332345 1.16712,0 177.7469 0,0.6000447 -2.209345 0.5537953,0 2.253088 0,90.22736
4142.469,322,4132.819,1278.243,2,Lab_Idle,0,asynchroneous,0,16,0,0,10000,-0.06745219 2.328875 1.17231,3.983653 174.2266 173.5234,-0.07598724 2.332345 1.16712,0 177.7469 0,0.6000447 -2.209345 0.5537953,0 2.253088 0,90.14432
4153.802,323,4142.874,1289.575,2,Lab_Idle,0,asynchroneous,0,16,0,0,10000,-0.06727201 2.328629 1.172638,4.17401 174.0639 173.5219,-0.07598724 2.332345 1.16712,0 177.7469 0,0.6000447 -2.209345 0.5537953,0 2.253088 0,90.15797
4165.192,324,4154.186,1300.967,2,Lab_Idle,0,asynchroneous,0,16,0,0,10000,-0.06711851 2.328393 1.17295,4.357158 173.9206 173.5213,-0.07598724 2.332345 1.16712,0 177.7469 0,0.6000447 -2.209345 0.5537953,0 2.253088 0,90.13827
4175.803,325,4165.713,1311.576,2,Lab_Idle,0,asynchroneous,0,16,0,0,10000,-0.06701475 2.328131 1.173285,4.563113 173.8291 173.506,-0.07598724 2.332345 1.16712,0 177.7469 0,0.6000447 -2.209345 0.5537953,0 2.253088 0,90.15552
4186.886,326,4176.201,1322.659,2,Lab_Idle,0,asynchroneous,0,16,0,0,10000,-0.06691097 2.327904 1.173581,4.744154 173.7491 173.4822,-0.07598724 2.332345 1.16712,0 177.7469 0,0.6000447 -2.209345 0.5537953,0 2.253088 0,90.12614
4198.22,327,4187.309,1333.994,2,Lab_Idle,0,asynchroneous,0,16,0,0,10000,-0.06682228 2.327763 1.173771,4.85707 173.6878 173.4601,-0.07598724 2.332345 1.16712,0 177.7469 0,0.6000447 -2.209345 0.5537953,0 2.253088 0,90.12526
4208.596,328,4198.845,1344.37,2,Lab_Idle,0,asynchroneous,0,16,0,0,10000,-0.06674649 2.327657 1.173917,4.942996 173.637 173.4408,-0.07598724 2.332345 1.16712,0 177.7469 0,0.6000447 -2.209345 0.5537953,0 2.253088 0,90.10755
4220.391,329,4208.948,1356.163,2,Lab_Idle,0,asynchroneous,0,16,0,0,10000,-0.06671157 2.327647 1.173937,4.955732 173.6529 173.3996,-0.07598724 2.332345 1.16712,0 177.7469 0,0.6000447 -2.209345 0.5537953,0 2.253088 0,90.29771
4231.862,330,4220.93,1367.635,2,Lab_Idle,0,asynchroneous,0,16,0,0,10000,-0.0666877 2.3277 1.173879,4.919902 173.6864 173.3563,-0.07598724 2.332345 1.16712,0 177.7469 0,0.6000447 -2.209345 0.5537953,0 2.253088 0,90.18182
4242.96,331,4232.313,1378.733,2,Lab_Idle,0,asynchroneous,0,16,0,0,10000,-0.06668933 2.327757 1.173809,4.879163 173.7344 173.319,-0.07598724 2.332345 1.16712,0 177.7469 0,0.6000447 -2.209345 0.5537953,0 2.253088 0,90.17297
4253.696,332,4243.384,1389.468,2,Lab_Idle,0,asynchroneous,0,16,0,0,10000,-0.06662019 2.327805 1.173769,4.847165 173.7255 173.2807,-0.07598724 2.332345 1.16712,0 177.7469 0,0.6000447 -2.209345 0.5537953,0 2.253088 0,90.16119
4264.719,333,4254.246,1400.493,2,Lab_Idle,0,asynchroneous,0,16,0,0,10000,-0.06652661 2.327826 1.173765,4.834377 173.6934 173.2435,-0.07598724 2.332345 1.16712,0 177.7469 0,0.6000447 -2.209345 0.5537953,0 2.253088 0,90.15414
4275.556,334,4265.257,1411.329,2,Lab_Idle,0,asynchroneous,0,16,0,0,10000,-0.06640482 2.327873 1.17374,4.802872 173.6374 173.2097,-0.07598724 2.332345 1.16712,0 177.7469 0,0.6000447 -2.209345 0.5537953,0 2.253088 0,90.15562
4286.693,335,4275.947,1422.469,2,Lab_Idle,0,asynchroneous,0,16,0,0,10000,-0.06626032 2.32792 1.173718,4.772705 173.5874 173.1539,-0.07598724 2.332345 1.16712,0 177.7469 0,0.6000447 -2.209345 0.5537953,0 2.253088 0,90.13828
4298.147,336,4287.214,1433.92,2,Lab_Idle,0,asynchroneous,0,16,0,0,10000,-0.06613756 2.32796 1.173701,4.745757 173.5282 173.1218,-0.07598724 2.332345 1.16712,0 177.7469 0,0.6000447 -2.209345 0.5537953,0 2.253088 0,90.11989
4308.846,337,4298.654,1444.618,2,Lab_Idle,0,asynchroneous,0,16,0,0,10000,-0.06602032 2.32801 1.17367,4.71387 173.5022 173.0643,-0.07598724 2.332345 1.16712,0 177.7469 0,0.6000447 -2.209345 0.5537953,0 2.253088 0,90.09589
4319.634,338,4309.152,1455.407,2,Lab_Idle,0,asynchroneous,0,16,0,0,10000,-0.06598952 2.328065 1.173612,4.675134 173.517 173.0332,-0.07598724 2.332345 1.16712,0 177.7469 0,0.6000447 -2.209345 0.5537953,0 2.253088 0,90.2554
4332.209,339,4319.996,1467.986,2,Lab_Idle,0,asynchroneous,0,16,0,0,10000,-0.06597658 2.32816 1.173503,4.603912 173.5389 173.0126,-0.07598724 2.332345 1.16712,0 177.7469 0,0.6000447 -2.209345 0.5537953,0 2.253088 0,90.23006
4342.534,340,4332.788,1478.308,2,Lab_Idle,0,asynchroneous,0,16,0,0,10000,-0.0660473 2.328236 1.173394,4.544919 173.6095 173.0069,-0.07598724 2.332345 1.16712,0 177.7469 0,0.6000447 -2.209345 0.5537953,0 2.253088 0,90.11581
4353.741,341,4342.98,1489.513,2,Lab_Idle,0,asynchroneous,0,16,0,0,10000,-0.06622048 2.328288 1.17329,4.500929 173.7222 173.035,-0.07598724 2.332345 1.16712,0 177.7469 0,0.6000447 -2.209345 0.5537953,0 2.253088 0,90.18744
4364.809,342,4354.126,1500.583,2,Lab_Idle,0,asynchroneous,0,16,0,0,10000,-0.06632297 2.328339 1.173204,4.460339 173.8023 173.0411,-0.07598724 2.332345 1.16712,0 177.7469 0,0.6000447 -2.209345 0.5537953,0 2.253088 0,90.13091
4375.656,343,4365.562,1511.429,2,Lab_Idle,0,asynchroneous,0,16,0,0,10000,-0.06646858 2.328358 1.173146,4.440606 173.8817 173.0764,-0.07598724 2.332345 1.16712,0 177.7469 0,0.6000447 -2.209345 0.5537953,0 2.253088 0,90.12173
4386.232,344,4376.1,1522.006,2,Lab_Idle,0,asynchroneous,0,16,0,0,10000,-0.06658647 2.328344 1.173134,4.447351 173.937 173.1107,-0.07598724 2.332345 1.16712,0 177.7469 0,0.6000447 -2.209345 0.5537953,0 2.253088 0,90.13197
4398.587,345,4386.521,1534.361,2,Lab_Idle,0,asynchroneous,0,16,0,0,10000,-0.06666433 2.328315 1.17315,4.466555 173.9659 173.1385,-0.07598724 2.332345 1.16712,0 177.7469 0,0.6000447 -2.209345 0.5537953,0 2.253088 0,90.18475
4409.215,346,4399.274,1544.988,2,Lab_Idle,0,asynchroneous,0,16,0,0,10000,-0.06673314 2.328298 1.173154,4.476871 173.9969 173.1589,-0.07598724 2.332345 1.16712,0 177.7469 0,0.6000447 -2.209345 0.5537953,0 2.253088 0,90.10284
4420.192,347,4409.927,1555.967,2,Lab_Idle,0,asynchroneous,0,16,0,0,10000,-0.06674466 2.328252 1.173205,4.512792 174.0022 173.1584,-0.07598724 2.332345 1.16712,0 177.7469 0,0.6000447 -2.209345 0.5537953,0 2.253088 0,90.12796
4431.535,348,4420.779,1567.309,2,Lab_Idle,0,asynchroneous,0,16,0,0,10000,-0.06669021 2.328233 1.173241,4.530633 173.9813 173.1359,-0.07598724 2.332345 1.16712,0 177.7469 0,0.6000447 -2.209345 0.5537953,0 2.253088 0,90.21619
4442.502,349,4432.363,1578.276,2,Lab_Idle,0,asynchroneous,0,16,0,0,10000,-0.06654488 2.328192 1.173325,4.569591 173.9175 173.0843,-0.07598724 2.332345 1.16712,0 177.7469 0,0.6000447 -2.209345 0.5537953,0 2.253088 0,90.15836
4452.999,350,4442.925,1588.771,2,Lab_Idle,0,asynchroneous,0,16,0,0,10000,-0.06642456 2.328113 1.173448,4.635638 173.8529 173.0482,-0.07598724 2.332345 1.16712,0 177.7469 0,0.6000447 -2.209345 0.5537953,0 2.253088 0,90.25816
4464.205,351,4453.576,1599.983,2,Lab_Idle,0,asynchroneous,0,16,0,0,10000,-0.06627028 2.327981 1.173642,4.744786 173.769 172.9998,-0.07598724 2.332345 1.16712,0 177.7469 0,0.6000447 -2.209345 0.5537953,0 2.253088 0,90.17937
4475.416,352,4465.047,1611.19,2,Lab_Idle,0,asynchroneous,0,16,0,0,10000,-0.06622746 2.327784 1.173891,4.901162 173.7221 172.9927,-0.07598724 2.332345 1.16712,0 177.7469 0,0.6000447 -2.209345 0.5537953,0 2.253088 0,90.16211
4486.174,353,4475.968,1621.946,2,Lab_Idle,0,asynchroneous,0,16,0,0,10000,-0.06622976 2.327569 1.174149,5.068843 173.6923 173.0012,-0.07598724 2.332345 1.16712,0 177.7469 0,0.6000447 -2.209345 0.5537953,0 2.253088 0,90.22189
4498.619,354,4486.65,1634.393,2,Lab_Idle,0,asynchroneous,0,16,0,0,10000,-0.06625597 2.327372 1.174382,5.224324 173.6881 173.0053,-0.07598724 2.332345 1.16712,0 177.7469 0,0.6000447 -2.209345 0.5537953,0 2.253088 0,90.18534
4509.311,355,4499.425,1645.083,2,Lab_Idle,0,asynchroneous,0,16,0,0,10000,-0.0662957 2.327196 1.174587,5.360923 173.6816 173.0235,-0.07598724 2.332345 1.16712,0 177.7469 0,0.6000447 -2.209345 0.5537953,0 2.253088 0,90.10019
4520.392,356,4509.848,1656.165,2,Lab_Idle,0,asynchroneous,0,16,0,0,10000,-0.06632854 2.327036 1.174774,5.48619 173.6803 173.0334,-0.07598724 2.332345 1.16712,0 177.7469 0,0.6000447 -2.209345 0.5537953,0 2.253088 0,90.16958
4531.773,357,4521.006,1667.546,2,Lab_Idle,0,asynchroneous,0,16,0,0,10000,-0.0663909 2.3269 1.174927,5.589891 173.6721 173.0734,-0.07598724 2.332345 1.16712,0 177.7469 0,0.6000447 -2.209345 0.5537953,0 2.253088 0,90.18565
4542.453,358,4532.453,1678.224,2,Lab_Idle,0,asynchroneous,0,16,0,0,10000,-0.0663954 2.32678 1.175073,5.682076 173.6393 173.0947,-0.07598724 2.332345 1.16712,0 177.7469 0,0.6000447 -2.209345 0.5537953,0 2.253088 0,90.167
4553.068,359,4542.977,1688.841,2,Lab_Idle,0,asynchroneous,0,16,0,0,10000,-0.06639553 2.326659 1.175223,5.776392 173.6053 173.1134,-0.07598724 2.332345 1.16712,0 177.7469 0,0.6000447 -2.209345 0.5537953,0 2.253088 0,90.23968
4564.946,360,4554.313,1700.723,2,Lab_Idle,0,asynchroneous,0,16,0,0,10000,-0.06637052 2.32656 1.175354,5.851274 173.5327 173.1503,-0.07598724 2.332345 1.16712,0 177.7469 0,0.6000447 -2.209345 0.5537953,0 2.253088 0,90.1983
4575.568,361,4565.992,1711.342,2,Lab_Idle,0,asynchroneous,0,16,0,0,10000,-0.06627984 2.326467 1.175493,5.924017 173.4296 173.1667,-0.07598724 2.332345 1.16712,0 177.7469 0,0.6000447 -2.209345 0.5537953,0 2.253088 0,90.10306
4586.586,362,4576.209,1722.359,2,Lab_Idle,0,asynchroneous,0,16,0,0,10000,-0.06618933 2.326348 1.175664,6.015188 173.309 173.1958,-0.07598724 2.332345 1.16712,0 177.7469 0,0.6000447 -2.209345 0.5537953,0 2.253088 0,90.17984
4598.621,363,4587.17,1734.397,2,Lab_Idle,0,asynchroneous,0,16,0,0,10000,-0.06608585 2.326273 1.175784,6.074225 173.2053 173.2045,-0.07598724 2.332345 1.16712,0 177.7469 0,0.6000447 -2.209345 0.5537953,0 2.253088 0,90.19424
4609.347,364,4599.388,1745.12,2,Lab_Idle,0,asynchroneous,0,16,0,0,10000,-0.06602096 2.326202 1.175891,6.13031 173.1325 173.214,-0.07598724 2.332345 1.16712,0 177.7469 0,0.6000447 -2.209345 0.5537953,0 2.253088 0,90.10013
4620.264,365,4609.947,1756.036,2,Lab_Idle,0,asynchroneous,0,16,0,0,10000,-0.0657783 2.32613 1.176044,6.197886 173.0043 173.1415,-0.07598724 2.332345 1.16712,0 177.7469 0,0.6000447 -2.209345 0.5537953,0 2.253088 0,90.14644
4631.562,366,4620.825,1767.338,2,Lab_Idle,0,asynchroneous,0,16,0,0,10000,-0.06553884 2.32616 1.17607,6.179576 172.8567 173.0997,-0.07598724 2.332345 1.16712,0 177.7469 0,0.6000447 -2.209345 0.5537953,0 2.253088 0,90.22082
4642.426,367,4632.375,1778.198,2,Lab_Idle,0,asynchroneous,0,16,0,0,10000,-0.06538264 2.326241 1.176009,6.124155 172.8207 173.0255,-0.07598724 2.332345 1.16712,0 177.7469 0,0.6000447 -2.209345 0.5537953,0 2.253088 0,90.18529
4653.23,368,4642.949,1789.004,2,Lab_Idle,0,asynchroneous,0,16,0,0,10000,-0.06524123 2.326247 1.17604,6.1243 172.7438 172.9904,-0.07598724 2.332345 1.16712,0 177.7469 0,0.6000447 -2.209345 0.5537953,0 2.253088 0,90.25137
4664.686,369,4653.779,1800.463,2,Lab_Idle,0,asynchroneous,0,16,0,0,10000,-0.06517001 2.326299 1.175993,6.08203 172.6913 172.9906,-0.07598724 2.332345 1.16712,0 177.7469 0,0.6000447 -2.209345 0.5537953,0 2.253088 0,90.22869
4675.265,370,4665.336,1811.038,2,Lab_Idle,0,asynchroneous,0,16,0,0,10000,-0.06511936 2.326337 1.175959,6.054102 172.6761 172.9712,-0.07598724 2.332345 1.16712,0 177.7469 0,0.6000447 -2.209345 0.5537953,0 2.253088 0,90.17889
4686.494,371,4675.626,1822.272,2,Lab_Idle,0,asynchroneous,0,16,0,0,10000,-0.06507847 2.326342 1.175963,6.051758 172.6566 172.959,-0.07598724 2.332345 1.16712,0 177.7469 0,0.6000447 -2.209345 0.5537953,0 2.253088 0,90.25046
4698.688,372,4687.217,1834.463,2,Lab_Idle,0,asynchroneous,0,16,0,0,10000,-0.06505829 2.326304 1.176016,6.081305 172.6315 172.9622,-0.07598724 2.332345 1.16712,0 177.7469 0,0.6000447 -2.209345 0.5537953,0 2.253088 0,90.24683
4709.595,373,4699.343,1845.368,2,Lab_Idle,0,asynchroneous,0,16,0,0,10000,-0.06500292 2.32627 1.176075,6.111411 172.5943 172.9504,-0.07598724 2.332345 1.16712,0 177.7469 0,0.6000447 -2.209345 0.5537953,0 2.253088 0,90.08296
4720.232,374,4710.031,1856.003,2,Lab_Idle,0,asynchroneous,0,16,0,0,10000,-0.06502588 2.326189 1.176172,6.173419 172.5758 172.9744,-0.07598724 2.332345 1.16712,0 177.7469 0,0.6000447 -2.209345 0.5537953,0 2.253088 0,90.17027
4731.898,375,4720.756,1867.676,2,Lab_Idle,0,asynchroneous,0,16,0,0,10000,-0.06506635 2.32606 1.176324,6.274866 172.5718 172.9927,-0.07598724 2.332345 1.16712,0 177.7469 0,0.6000447 -2.209345 0.5537953,0 2.253088 0,90.22741
4742.685,376,4732.542,1878.457,2,Lab_Idle,0,asynchroneous,0,16,0,0,10000,-0.06517716 2.325875 1.176529,6.417375 172.5811 173.0446,-0.07598724 2.332345 1.16712,0 177.7469 0,0.6000447 -2.209345 0.5537953,0 2.253088 0,90.21125
4753.284,377,4743.133,1889.057,2,Lab_Idle,0,asynchroneous,0,16,0,0,10000,-0.06526923 2.325709 1.176717,6.546817 172.5867 173.0879,-0.07598724 2.332345 1.16712,0 177.7469 0,0.6000447 -2.209345 0.5537953,0 2.253088 0,90.24937
4764.853,378,4753.612,1900.629,2,Lab_Idle,0,asynchroneous,0,16,0,0,10000,-0.0654292 2.325461 1.176992,6.736263 172.5876 173.176,-0.07598724 2.332345 1.16712,0 177.7469 0,0.6000447 -2.209345 0.5537953,0 2.253088 0,90.23589
4775.342,379,4765.765,1911.114,2,Lab_Idle,0,asynchroneous,0,16,0,0,10000,-0.06556997 2.325185 1.177312,6.952128 172.5801 173.2535,-0.07598724 2.332345 1.16712,0 177.7469 0,0.6000447 -2.209345 0.5537953,0 2.253088 0,90.15729
4786.06,380,4775.666,1921.843,2,Lab_Idle,0,asynchroneous,0,16,0,0,10000,-0.06575415 2.324876 1.177668,7.194508 172.5841 173.3486,-0.07598724 2.332345 1.16712,0 177.7469 0,0.6000447 -2.209345 0.5537953,0 2.253088 0,90.29803
4798.613,381,4786.579,1934.388,2,Lab_Idle,0,asynchroneous,0,16,0,0,10000,-0.06591927 2.32458 1.178014,7.430524 172.6067 173.4148,-0.07598724 2.332345 1.16712,0 177.7469 0,0.6000447 -2.209345 0.5537953,0 2.253088 0,90.2645
4809.516,382,4799.333,1945.289,2,Lab_Idle,0,asynchroneous,0,16,0,0,10000,-0.06604418 2.324302 1.17835,7.652787 172.5941 173.4838,-0.07598724 2.332345 1.16712,0 177.7469 0,0.6000447 -2.209345 0.5537953,0 2.253088 0,90.18238
4820.185,383,4809.937,1955.956,2,Lab_Idle,0,asynchroneous,0,16,0,0,10000,-0.06611786 2.324013 1.178717,7.88814 172.5648 173.5275,-0.07598724 2.332345 1.16712,0 177.7469 0,0.6000447 -2.209345 0.5537953,0 2.253088 0,90.23183
4831.624,384,4820.566,1967.396,2,Lab_Idle,0,asynchroneous,0,16,0,0,10000,-0.0662019 2.323758 1.17904,8.092307 172.5051 173.6086,-0.07598724 2.332345 1.16712,0 177.7469 0,0.6000447 -2.209345 0.5537953,0 2.253088 0,90.19698
4842.628,385,4832.128,1978.401,2,Lab_Idle,0,asynchroneous,0,16,0,0,10000,-0.06626033 2.323518 1.179352,8.282265 172.4064 173.7051,-0.07598724 2.332345 1.16712,0 177.7469 0,0.6000447 -2.209345 0.5537953,0 2.253088 0,90.16161
4853.182,386,4843.08,1988.954,2,Lab_Idle,0,asynchroneous,0,16,0,0,10000,-0.06634548 2.323273 1.179666,8.476984 172.3185 173.8105,-0.07598724 2.332345 1.16712,0 177.7469 0,0.6000447 -2.209345 0.5537953,0 2.253088 0,90.19006
4864.372,387,4853.544,2000.147,2,Lab_Idle,0,asynchroneous,0,16,0,0,10000,-0.06641988 2.323022 1.179993,8.673389 172.1807 173.9483,-0.07598724 2.332345 1.16712,0 177.7469 0,0.6000447 -2.209345 0.5537953,0 2.253088 0,90.3037
4875.596,388,4865.116,2011.369,2,Lab_Idle,0,asynchroneous,0,16,0,0,10000,-0.06649257 2.322774 1.180319,8.866665 172.0172 174.1054,-0.07598724 2.332345 1.16712,0 177.7469 0,0.6000447 -2.209345 0.5537953,0 2.253088 0,90.28511
4886.422,389,4876.036,2022.195,2,Lab_Idle,0,asynchroneous,0,16,0,0,10000,-0.06659622 2.322527 1.180637,9.058457 171.8686 174.2715,-0.07598724 2.332345 1.16712,0 177.7469 0,0.6000447 -2.209345 0.5537953,0 2.253088 0,90.32284
4897.412,390,4886.766,2033.184,2,Lab_Idle,0,asynchroneous,0,16,0,0,10000,-0.06666636 2.322296 1.180946,9.245007 171.7543 174.3851,-0.07598724 2.332345 1.16712,0 177.7469 0,0.6000447 -2.209345 0.5537953,0 2.253088 0,90.26203
4909.38,391,4898.028,2045.155,2,Lab_Idle,0,asynchroneous,0,16,0,0,10000,-0.06672256 2.322127 1.181172,9.380511 171.6593 174.4805,-0.07598724 2.332345 1.16712,0 177.7469 0,0.6000447 -2.209345 0.5537953,0 2.253088 0,90.21421
4920.423,392,4909.877,2056.197,2,Lab_Idle,0,asynchroneous,0,16,0,0,10000,-0.0666898 2.321975 1.181398,9.508135 171.5535 174.5209,-0.07598724 2.332345 1.16712,0 177.7469 0,0.6000447 -2.209345 0.5537953,0 2.253088 0,90.14888
4931.897,393,4920.846,2067.673,2,Lab_Idle,0,asynchroneous,0,16,0,0,10000,-0.06663273 2.321852 1.181591,9.614897 171.4719 174.5271,-0.07598724 2.332345 1.16712,0 177.7469 0,0.6000447 -2.209345 0.5537953,0 2.253088 0,90.15211
4942.405,394,4932.648,2078.179,2,Lab_Idle,0,asynchroneous,0,16,0,0,10000,-0.06657451 2.321791 1.181695,9.668582 171.4139 174.5223,-0.07598724 2.332345 1.16712,0 177.7469 0,0.6000447 -2.209345 0.5537953,0 2.253088 0,90.16797
4953.321,395,4942.866,2089.095,2,Lab_Idle,0,asynchroneous,0,16,0,0,10000,-0.06638356 2.32179 1.181749,9.678837 171.3371 174.4437,-0.07598724 2.332345 1.16712,0 177.7469 0,0.6000447 -2.209345 0.5537953,0 2.253088 0,90.29436
4964.81,396,4953.719,2100.587,2,Lab_Idle,0,asynchroneous,0,16,0,0,10000,-0.06604555 2.321958 1.1816,9.546176 171.2138 174.3212,-0.07598724 2.332345 1.16712,0 177.7469 0,0.6000447 -2.209345 0.5537953,0 2.253088 0,90.23875
4975.493,397,4965.421,2111.266,2,Lab_Idle,0,asynchroneous,0,16,0,0,10000,-0.06567169 2.322179 1.181388,9.373039 171.1108 174.1638,-0.07598724 2.332345 1.16712,0 177.7469 0,0.6000447 -2.209345 0.5537953,0 2.253088 0,90.17476
4986.646,398,4975.792,2122.42,2,Lab_Idle,0,asynchroneous,0,16,0,0,10000,-0.06553579 2.322318 1.181228,9.258071 171.0739 174.1156,-0.07598724 2.332345 1.16712,0 177.7469 0,0.6000447 -2.209345 0.5537953,0 2.253088 0,90.29033
4997.772,399,4987.122,2133.551,2,Lab_Idle,0,asynchroneous,0,16,0,0,10000,-0.06556666 2.322506 1.180951,9.090464 171.0923 174.1532,-0.07598724 2.332345 1.16712,0 177.7469 0,0.6000447 -2.209345 0.5537953,0 2.253088 0,90.24461
5009.123,400,4998.421,2144.895,2,Lab_Idle,0,asynchroneous,0,16,0,0,10000,-0.06568864 2.322675 1.18068,8.937275 171.1439 174.227,-0.07598724 2.332345 1.16712,0 177.7469 0,0.6000447 -2.209345 0.5537953,0 2.253088 0,90.21885
5020.191,401,5009.573,2155.964,2,Lab_Idle,0,asynchroneous,0,16,0,0,10000,-0.06586769 2.322772 1.180492,8.842951 171.2157 174.3149,-0.07598724 2.332345 1.16712,0 177.7469 0,0.6000447 -2.209345 0.5537953,0 2.253088 0,90.2176
5031.785,402,5020.612,2167.568,2,Lab_Idle,0,asynchroneous,0,16,0,0,10000,-0.0660675 2.322844 1.180336,8.772123 171.3096 174.3951,-0.07598724 2.332345 1.16712,0 177.7469 0,0.6000447 -2.209345 0.5537953,0 2.253088 0,90.20577
5042.162,403,5032.384,2177.937,2,Lab_Idle,0,asynchroneous,0,16,0,0,10000,-0.06622949 2.322904 1.180208,8.7128 171.3829 174.4626,-0.07598724 2.332345 1.16712,0 177.7469 0,0.6000447 -2.209345 0.5537953,0 2.253088 0,90.21959
5053.25,404,5042.53,2189.023,2,Lab_Idle,0,asynchroneous,0,16,0,0,10000,-0.06644519 2.322937 1.180104,8.674028 171.4623 174.5603,-0.07598724 2.332345 1.16712,0 177.7469 0,0.6000447 -2.209345 0.5537953,0 2.253088 0,90.31139
5064.325,405,5053.755,2200.1,2,Lab_Idle,0,asynchroneous,0,16,0,0,10000,-0.06661384 2.322905 1.180104,8.690115 171.4827 174.6631,-0.07598724 2.332345 1.16712,0 177.7469 0,0.6000447 -2.209345 0.5537953,0 2.253088 0,90.26853
5075.363,406,5064.785,2211.137,2,Lab_Idle,0,asynchroneous,0,16,0,0,10000,-0.06691398 2.322773 1.180209,8.781514 171.4912 174.8584,-0.07598724 2.332345 1.16712,0 177.7469 0,0.6000447 -2.209345 0.5537953,0 2.253088 0,90.29624
5086.218,407,5075.756,2221.991,2,Lab_Idle,0,asynchroneous,0,16,0,0,10000,-0.06721697 2.322654 1.180296,8.865272 171.5334 175.0292,-0.07598724 2.332345 1.16712,0 177.7469 0,0.6000447 -2.209345 0.5537953,0 2.253088 0,90.31495
5097.567,408,5086.738,2233.34,2,Lab_Idle,0,asynchroneous,0,16,0,0,10000,-0.06759154 2.322451 1.180487,9.019685 171.5798 175.2366,-0.07598724 2.332345 1.16712,0 177.7469 0,0.6000447 -2.209345 0.5537953,0 2.253088 0,90.26639
5109.274,409,5098.035,2245.047,2,Lab_Idle,0,asynchroneous,0,16,0,0,10000,-0.06783711 2.322293 1.180648,9.141234 171.5922 175.3839,-0.07598724 2.332345 1.16712,0 177.7469 0,0.6000447 -2.209345 0.5537953,0 2.253088 0,90.27084
5120.102,410,5109.73,2255.873,2,Lab_Idle,0,asynchroneous,0,16,0,0,10000,-0.06815904 2.322175 1.180737,9.228927 171.6653 175.5427,-0.07598724 2.332345 1.16712,0 177.7469 0,0.6000447 -2.209345 0.5537953,0 2.253088 0,90.18283
5131.77,411,5120.519,2267.548,2,Lab_Idle,0,asynchroneous,0,16,0,0,10000,-0.06847422 2.322071 1.180808,9.303778 171.7295 175.7061,-0.07598724 2.332345 1.16712,0 177.7469 0,0.6000447 -2.209345 0.5537953,0 2.253088 0,90.20796
5142.151,412,5132.225,2277.925,2,Lab_Idle,0,asynchroneous,0,16,0,0,10000,-0.06885333 2.321939 1.180906,9.400638 171.7946 175.9116,-0.07598724 2.332345 1.16712,0 177.7469 0,0.6000447 -2.209345 0.5537953,0 2.253088 0,90.18671
5153.533,413,5142.445,2289.307,2,Lab_Idle,0,asynchroneous,0,16,0,0,10000,-0.06924482 2.321769 1.181059,9.532468 171.8746 176.1083,-0.07598724 2.332345 1.16712,0 177.7469 0,0.6000447 -2.209345 0.5537953,0 2.253088 0,90.32648
5164.522,414,5154.032,2300.298,2,Lab_Idle,0,asynchroneous,0,16,0,0,10000,-0.06970519 2.321551 1.181268,9.706588 171.9981 176.3131,-0.07598724 2.332345 1.16712,0 177.7469 0,0.6000447 -2.209345 0.5537953,0 2.253088 0,90.20849
5175.46,415,5164.97,2311.234,2,Lab_Idle,0,asynchroneous,0,16,0,0,10000,-0.070071 2.321322 1.181518,9.895474 172.0961 176.4681,-0.07598724 2.332345 1.16712,0 177.7469 0,0.6000447 -2.209345 0.5537953,0 2.253088 0,90.23921
5186.233,416,5176.059,2322.004,2,Lab_Idle,0,asynchroneous,0,16,0,0,10000,-0.0703363 2.321125 1.181748,10.06172 172.1653 176.5779,-0.07598724 2.332345 1.16712,0 177.7469 0,0.6000447 -2.209345 0.5537953,0 2.253088 0,90.26993
5197.125,417,5186.563,2332.899,2,Lab_Idle,0,asynchroneous,0,16,0,0,10000,-0.07037085 2.320943 1.182006,10.2216 172.1501 176.5895,-0.07598724 2.332345 1.16712,0 177.7469 0,0.6000447 -2.209345 0.5537953,0 2.253088 0,90.265
5209.425,418,5197.58,2345.199,2,Lab_Idle,0,asynchroneous,0,16,0,0,10000,-0.07034818 2.320763 1.182276,10.38184 172.0932 176.5927,-0.07598724 2.332345 1.16712,0 177.7469 0,0.6000447 -2.209345 0.5537953,0 2.253088 0,90.284
5220.243,419,5209.876,2356.015,2,Lab_Idle,0,asynchroneous,0,16,0,0,10000,-0.07034679 2.320557 1.182581,10.56366 172.016 176.6234,-0.07598724 2.332345 1.16712,0 177.7469 0,0.6000447 -2.209345 0.5537953,0 2.253088 0,90.13775
5231.397,420,5220.618,2367.172,2,Lab_Idle,0,asynchroneous,0,16,0,0,10000,-0.07040483 2.320325 1.182914,10.76657 171.938 176.6936,-0.07598724 2.332345 1.16712,0 177.7469 0,0.6000447 -2.209345 0.5537953,0 2.253088 0,90.16387
5242.259,421,5231.998,2378.033,2,Lab_Idle,0,asynchroneous,0,16,0,0,10000,-0.07052279 2.320081 1.183256,10.98035 171.878 176.7906,-0.07598724 2.332345 1.16712,0 177.7469 0,0.6000447 -2.209345 0.5537953,0 2.253088 0,90.21231
5253.341,422,5242.718,2389.113,2,Lab_Idle,0,asynchroneous,0,16,0,0,10000,-0.0706654 2.319767 1.183702,11.25761 171.8034 176.9055,-0.07598724 2.332345 1.16712,0 177.7469 0,0.6000447 -2.209345 0.5537953,0 2.253088 0,90.26802
5264.764,423,5253.706,2400.538,2,Lab_Idle,0,asynchroneous,0,16,0,0,10000,-0.07091601 2.319391 1.184225,11.59058 171.7471 177.0738,-0.07598724 2.332345 1.16712,0 177.7469 0,0.6000447 -2.209345 0.5537953,0 2.253088 0,90.27128
5275.292,424,5265.243,2411.064,2,Lab_Idle,0,asynchroneous,0,16,0,0,10000,-0.07120521 2.31899 1.184786,11.95072 171.7353 177.2303,-0.07598724 2.332345 1.16712,0 177.7469 0,0.6000447 -2.209345 0.5537953,0 2.253088 0,90.22248
5286.313,425,5275.664,2422.085,2,Lab_Idle,0,asynchroneous,0,16,0,0,10000,-0.0715148 2.318611 1.18532,12.2947 171.7309 177.3983,-0.07598724 2.332345 1.16712,0 177.7469 0,0.6000447 -2.209345 0.5537953,0 2.253088 0,90.26103
5297.468,426,5286.788,2433.242,2,Lab_Idle,0,asynchroneous,0,16,0,0,10000,-0.07189418 2.31819 1.185915,12.68068 171.7562 177.587,-0.07598724 2.332345 1.16712,0 177.7469 0,0.6000447 -2.209345 0.5537953,0 2.253088 0,90.23631
5309.375,427,5297.919,2445.151,2,Lab_Idle,0,asynchroneous,0,16,0,0,10000,-0.07227962 2.317797 1.186474,13.04425 171.7873 177.7797,-0.07598724 2.332345 1.16712,0 177.7469 0,0.6000447 -2.209345 0.5537953,0 2.253088 0,90.24702
5320.69,428,5309.988,2456.462,2,Lab_Idle,0,asynchroneous,0,16,0,0,10000,-0.07261036 2.317432 1.187007,13.38718 171.8207 177.9349,-0.07598724 2.332345 1.16712,0 177.7469 0,0.6000447 -2.209345 0.5537953,0 2.253088 0,90.15722
5331.231,429,5321.237,2467.005,2,Lab_Idle,0,asynchroneous,0,16,0,0,10000,-0.07283355 2.317097 1.187522,13.70863 171.8374 178.0284,-0.07598724 2.332345 1.16712,0 177.7469 0,0.6000447 -2.209345 0.5537953,0 2.253088 0,90.105
